ImageId,Classe,Feature_LBP_1,Feature_LBP_2,Feature_LBP_3,Feature_LBP_4,Feature_LBP_5,Feature_LBP_6,Feature_LBP_7,Feature_LBP_8,Feature_LBP_9,Feature_LBP_10
Parteck 50.jpg,Cohesive,0.07170952690972222,0.10304090711805555,0.049601236979166664,0.0906643337673611,0.07480875651041667,0.11472574869791667,0.0725436740451389,0.0896267361111111,0.11030409071180555,0.22297498914930555
Parteck 50.jpg,Cohesive,0.07117377387152778,0.10444471571180555,0.04922146267361111,0.0895657009548611,0.072509765625,0.1079440646701389,0.0724216037326389,0.09278700086805555,0.1130099826388889,0.2269219292534722
Parteck 50.jpg,Cohesive,0.06117078993055555,0.09375,0.045247395833333336,0.09765625,0.08454047309027778,0.13191053602430555,0.0746188693576389,0.0906982421875,0.11077202690972222,0.20963541666666666
Parteck 50.jpg,Cohesive,0.054056803385416664,0.08927408854166667,0.042378743489583336,0.09928385416666667,0.08795844184027778,0.1429375542534722,0.07445610894097222,0.0914306640625,0.1163058810763889,0.20191786024305555
Mowiol 18-88.jpg,Cohesive,0.011250813802083334,0.04476589626736111,0.009691026475694444,0.10382758246527778,0.1438056098090278,0.3112725151909722,0.0683254665798611,0.07457139756944445,0.15305582682291666,0.0794338650173611
Mowiol 18-88.jpg,Cohesive,0.011203342013888888,0.04513210720486111,0.008802625868055556,0.10017225477430555,0.14283582899305555,0.3109809027777778,0.06748453776041667,0.07622612847222222,0.15875244140625,0.07840983072916667
Mowiol 18-88.jpg,Cohesive,0.012295193142361112,0.04426405164930555,0.0106201171875,0.10418023003472222,0.1483832465277778,0.3094685872395833,0.07041422526041667,0.07532416449652778,0.1465793185763889,0.07847086588541667
Mowiol 18-88.jpg,Cohesive,0.012051052517361112,0.04442003038194445,0.009548611111111112,0.1017727322048611,0.1472100151909722,0.3065999348958333,0.06858317057291667,0.07761637369791667,0.15458170572916666,0.07761637369791667
Cetyl alcohol.jpg,Cohesive,0.053154839409722224,0.08173285590277778,0.0374755859375,0.09682210286458333,0.10052490234375,0.1676093207465278,0.07685004340277778,0.08954535590277778,0.1075778537326389,0.18870713975694445
Cetyl alcohol.jpg,Cohesive,0.048502604166666664,0.08020697699652778,0.037835015190972224,0.1003078884548611,0.09712727864583333,0.1673923068576389,0.0763821072048611,0.09025065104166667,0.109375,0.1926201714409722
Cetyl alcohol.jpg,Cohesive,0.050849066840277776,0.08149549696180555,0.039794921875,0.10089789496527778,0.09880235460069445,0.1641167534722222,0.07544623480902778,0.0890163845486111,0.108642578125,0.19093831380208334
Cetyl alcohol.jpg,Cohesive,0.050421820746527776,0.08311631944444445,0.03934054904513889,0.09940592447916667,0.0964084201388889,0.16181776258680555,0.07470703125,0.08997938368055555,0.11092122395833333,0.1938815646701389
Potasium chloride.jpg,Cohesive,0.015713161892361112,0.04374864366319445,0.008253309461805556,0.10160319010416667,0.13871256510416666,0.3019951714409722,0.06911214192708333,0.08439127604166667,0.1647610134548611,0.07170952690972222
Potasium chloride.jpg,Cohesive,0.015279134114583334,0.044270833333333336,0.008456759982638888,0.10007731119791667,0.13413492838541666,0.2960272894965278,0.0687255859375,0.0854153103298611,0.1703423394097222,0.0772705078125
Potasium chloride.jpg,Cohesive,0.013956705729166666,0.04050021701388889,0.008293999565972222,0.1031833224826389,0.14097764756944445,0.3058336046006944,0.0694851345486111,0.08500840928819445,0.16196695963541666,0.07079399956597222
Potasium chloride.jpg,Cohesive,0.014316134982638888,0.041754828559027776,0.008029513888888888,0.10213216145833333,0.13886854383680555,0.2996893988715278,0.06778971354166667,0.0854220920138889,0.1741265190972222,0.06787109375
ParacetamolPowder.jpg,Cohesive,0.04129367404513889,0.0788845486111111,0.03584120008680555,0.101806640625,0.10302734375,0.1700439453125,0.07744004991319445,0.09021674262152778,0.1136135525173611,0.1878323025173611
ParacetamolPowder.jpg,Cohesive,0.037238226996527776,0.07258436414930555,0.032755533854166664,0.10382758246527778,0.1064792209201389,0.1796332465277778,0.07627360026041667,0.09177652994791667,0.11876763237847222,0.1806640625
ParacetamolPowder.jpg,Cohesive,0.042426215277777776,0.07720269097222222,0.035346137152777776,0.10175238715277778,0.10451253255208333,0.17413330078125,0.0757107204861111,0.08947075737847222,0.11338975694444445,0.18605550130208334
ParacetamolPowder.jpg,Cohesive,0.03616672092013889,0.0721774631076389,0.03158908420138889,0.10376654730902778,0.10761176215277778,0.1866794162326389,0.0773654513888889,0.09003363715277778,0.1199069552951389,0.17470296223958334
Lidocaine.jpg,Cohesive,0.03270128038194445,0.0735812717013889,0.05419921875,0.12394883897569445,0.15211995442708334,0.15736219618055555,0.10436333550347222,0.07984076605902778,0.08831787109375,0.13356526692708334
Lidocaine.jpg,Cohesive,0.029181586371527776,0.07093641493055555,0.05195448133680555,0.12766520182291666,0.1615668402777778,0.1621025933159722,0.10630967881944445,0.07926432291666667,0.08947075737847222,0.1215481228298611
Lidocaine.jpg,Cohesive,0.031778971354166664,0.0722927517361111,0.055826822916666664,0.12664794921875,0.15257432725694445,0.1572197808159722,0.10346137152777778,0.07746717664930555,0.0889010959201389,0.13382975260416666
Lidocaine.jpg,Cohesive,0.03300645616319445,0.0723537868923611,0.05374484592013889,0.12569173177083334,0.15355088975694445,0.16059705946180555,0.10656060112847222,0.0783420138888889,0.08826361762152778,0.12788899739583334
Calcium Phosphate Dibasic.jpg,Cohesive,0.08672417534722222,0.11152479383680555,0.07307942708333333,0.08563910590277778,0.06992594401041667,0.0764431423611111,0.07121446397569445,0.09339735243055555,0.11912027994791667,0.21293131510416666
Calcium Phosphate Dibasic.jpg,Cohesive,0.08526611328125,0.11194525824652778,0.07234022352430555,0.0878567165798611,0.07076009114583333,0.07862006293402778,0.07118733723958333,0.09224446614583333,0.11659071180555555,0.2131890190972222
Calcium Phosphate Dibasic.jpg,Cohesive,0.0827365451388889,0.1114841037326389,0.07328965928819445,0.08836534288194445,0.07204182942708333,0.07712809244791667,0.07307942708333333,0.09260389539930555,0.1188015407986111,0.21046956380208334
Calcium Phosphate Dibasic.jpg,Cohesive,0.07988823784722222,0.10993109809027778,0.07276746961805555,0.09056939019097222,0.07640245225694445,0.08349609375,0.07299126519097222,0.0907864040798611,0.11627197265625,0.20689561631944445
Stearyl alcohol.jpg,Cohesive,0.0733371310763889,0.10405137803819445,0.04928927951388889,0.08869086371527778,0.0785183376736111,0.11690266927083333,0.07346598307291667,0.09004720052083333,0.105712890625,0.21998426649305555
Stearyl alcohol.jpg,Cohesive,0.07666693793402778,0.10349527994791667,0.05001491970486111,0.0886569552951389,0.07813178168402778,0.11513264973958333,0.07276068793402778,0.0887722439236111,0.10577392578125,0.22059461805555555
Stearyl alcohol.jpg,Cohesive,0.07262505425347222,0.10089111328125,0.048360188802083336,0.09000651041666667,0.0821533203125,0.1251763237847222,0.07445610894097222,0.08856879340277778,0.10445149739583333,0.2133110894097222
Stearyl alcohol.jpg,Cohesive,0.07078043619791667,0.10007731119791667,0.048699273003472224,0.09056260850694445,0.0822482638888889,0.1261257595486111,0.07380506727430555,0.08893500434027778,0.10634358723958333,0.21242268880208334
Caffeine_19mm.jpg,Cohesive,0.07118733723958333,0.10442437065972222,0.05171034071180555,0.08662923177083333,0.07444932725694445,0.10529242621527778,0.07401529947916667,0.09224446614583333,0.1123928493923611,0.2276543511284722
Caffeine_19mm.jpg,Cohesive,0.06571451822916667,0.10212537977430555,0.049675835503472224,0.09000651041666667,0.07709418402777778,0.11208089192708333,0.07404920789930555,0.0935329861111111,0.11311848958333333,0.2226019965277778
Caffeine_19mm.jpg,Cohesive,0.0655788845486111,0.09913465711805555,0.047627766927083336,0.0898708767361111,0.0831637912326389,0.1189846462673611,0.0759006076388889,0.0921902126736111,0.11061604817708333,0.21693250868055555
Caffeine_19mm.jpg,Cohesive,0.0666775173611111,0.09795464409722222,0.04629177517361111,0.0891994900173611,0.08162434895833333,0.12404378255208333,0.0743747287326389,0.09088812934027778,0.11488172743055555,0.21406385633680555
Calcium phosphate dibasic_19mm.jpg,Cohesive,0.08234998914930555,0.1095309787326389,0.057352701822916664,0.08121744791666667,0.06922064887152778,0.09014214409722222,0.07285563151041667,0.09438069661458333,0.11554633246527778,0.22740342881944445
Calcium phosphate dibasic_19mm.jpg,Cohesive,0.08350287543402778,0.11113145616319445,0.05706787109375,0.07897271050347222,0.06776936848958333,0.0854220920138889,0.0712009006076389,0.09349907769097222,0.11976453993055555,0.23166910807291666
Calcium phosphate dibasic_19mm.jpg,Cohesive,0.08283148871527778,0.11012776692708333,0.05841064453125,0.07990858289930555,0.06913926866319445,0.08734130859375,0.07262505425347222,0.09332953559027778,0.11704508463541667,0.2292412651909722
Calcium phosphate dibasic_19mm.jpg,Cohesive,0.0834011501736111,0.10930040147569445,0.0560302734375,0.07828776041666667,0.06840684678819445,0.09149848090277778,0.07191975911458333,0.09478081597222222,0.12053765190972222,0.2258368598090278
1-Octadecanol.jpg,Cohesive,0.03959825303819445,0.0705295138888889,0.028957790798611112,0.09836832682291667,0.1062350802951389,0.20326063368055555,0.07637532552083333,0.09083387586805555,0.12486436631944445,0.1609768337673611
1-Octadecanol.jpg,Cohesive,0.038899739583333336,0.07068549262152778,0.028076171875,0.09764946831597222,0.10316297743055555,0.2013007269965278,0.07520887586805555,0.09147135416666667,0.1294216579861111,0.16412353515625
1-Octadecanol.jpg,Cohesive,0.04072401258680555,0.07140435112847222,0.029866536458333332,0.10063340928819445,0.10578070746527778,0.19801839192708334,0.0749240451388889,0.09110514322916667,0.12530517578125,0.1622382269965278
1-Octadecanol.jpg,Cohesive,0.03581407335069445,0.06885443793402778,0.026618109809027776,0.09773084852430555,0.1083984375,0.20933702256944445,0.0742526584201389,0.0904269748263889,0.1324734157986111,0.1560940212673611
Caffeine_15mm.jpg,Cohesive,0.09364827473958333,0.1159396701388889,0.055887858072916664,0.07417127821180555,0.0656399197048611,0.09257676866319445,0.07463921440972222,0.09205457899305555,0.10789659288194445,0.2275458441840278
Caffeine_15mm.jpg,Cohesive,0.0870632595486111,0.1141628689236111,0.05301242404513889,0.07878282335069445,0.066650390625,0.0957370334201389,0.07393391927083333,0.0920138888888889,0.1092529296875,0.22939046223958334
Caffeine_15mm.jpg,Cohesive,0.0837063259548611,0.11168755425347222,0.05495876736111111,0.08030192057291667,0.06932237413194445,0.0946926540798611,0.07373725043402778,0.0920681423611111,0.11100938585069445,0.228515625
Caffeine_15mm.jpg,Cohesive,0.0801730685763889,0.10913764105902778,0.05317518446180555,0.08149549696180555,0.07071940104166667,0.09944661458333333,0.07421875,0.09278021918402778,0.11326768663194445,0.2255859375
Caffeine.jpg,Cohesive,0.040445963541666664,0.08428276909722222,0.06641981336805555,0.1287299262152778,0.1211886935763889,0.12005615234375,0.08464898003472222,0.08350965711805555,0.10227457682291667,0.16844346788194445
Caffeine.jpg,Cohesive,0.03620741102430555,0.0819430881076389,0.0654635959201389,0.1311102973090278,0.12813313802083334,0.1258205837673611,0.0872531467013889,0.08164469401041667,0.1003689236111111,0.1620551215277778
Caffeine.jpg,Cohesive,0.041219075520833336,0.08464219835069445,0.06852891710069445,0.12550184461805555,0.1221042209201389,0.12046983506944445,0.08417426215277778,0.08226182725694445,0.10206434461805555,0.1690334743923611
Caffeine.jpg,Cohesive,0.03567165798611111,0.07984076605902778,0.06437174479166667,0.1296047634548611,0.1335110134548611,0.1327853732638889,0.08864339192708333,0.08021375868055555,0.09868706597222222,0.1566704644097222
Granulac 230.jpg,Cohesive,0.09699164496527778,0.1192626953125,0.07082112630208333,0.07867431640625,0.0644802517361111,0.07800971137152778,0.07182481553819445,0.09174940321180555,0.11412896050347222,0.2140570746527778
Granulac 230.jpg,Cohesive,0.10005696614583333,0.11815728081597222,0.0713229709201389,0.07640245225694445,0.06234402126736111,0.0756564670138889,0.07175699869791667,0.09435356987847222,0.11583794487847222,0.214111328125
Granulac 230.jpg,Cohesive,0.09571668836805555,0.1172756618923611,0.07044813368055555,0.0812717013888889,0.0670505099826389,0.0786471896701389,0.07464599609375,0.0921902126736111,0.11309814453125,0.20965576171875
Granulac 230.jpg,Cohesive,0.09482828776041667,0.11545817057291667,0.07001410590277778,0.0811428493923611,0.06976996527777778,0.07960340711805555,0.07468668619791667,0.09314643012152778,0.11381022135416667,0.20753987630208334
Calcium Carbonate (40%) - multicomponent.jpg,Cohesive,0.08860270182291667,0.10918511284722222,0.058939615885416664,0.0741238064236111,0.0705837673611111,0.08994547526041667,0.07439507378472222,0.0976833767361111,0.11713324652777778,0.21940782335069445
Calcium Carbonate (40%) - multicomponent.jpg,Cohesive,0.09092881944444445,0.10786268446180555,0.058966742621527776,0.07325575086805555,0.06840006510416667,0.08978271484375,0.07386610243055555,0.09717475043402778,0.1193508572048611,0.22041151258680555
Calcium Carbonate (40%) - multicomponent.jpg,Cohesive,0.08115641276041667,0.10475667317708333,0.057779947916666664,0.07878282335069445,0.07564290364583333,0.09501139322916667,0.07316080729166667,0.09556749131944445,0.11979844835069445,0.21834309895833334
Calcium Carbonate (40%) - multicomponent.jpg,Cohesive,0.0809326171875,0.10370551215277778,0.055806477864583336,0.07818603515625,0.07488335503472222,0.09916178385416667,0.0743679470486111,0.09735785590277778,0.1214938693576389,0.2141045464409722
Azelaic acid.jpg,Cohesive,0.010226779513888888,0.036017523871527776,0.009962293836805556,0.10817464192708333,0.14742024739583334,0.3204277886284722,0.06923421223958333,0.0789523654513889,0.14155409071180555,0.0780300564236111
Azelaic acid.jpg,Cohesive,0.010267469618055556,0.036017523871527776,0.009195963541666666,0.10600450303819445,0.14674207899305555,0.3173353407118056,0.06819661458333333,0.07875569661458333,0.1450263129340278,0.08245849609375
Azelaic acid.jpg,Cohesive,0.0103759765625,0.035271538628472224,0.010118272569444444,0.10921223958333333,0.1509738498263889,0.3148939344618056,0.0702853732638889,0.08037651909722222,0.1415473090277778,0.07694498697916667
Azelaic acid.jpg,Cohesive,0.010403103298611112,0.036858452690972224,0.009684244791666666,0.10860188802083333,0.14936659071180555,0.3106282552083333,0.06950547960069445,0.080078125,0.14400227864583334,0.08087158203125
Span 60.jpg,Cohesive,0.01416015625,0.05412462022569445,0.04168701171875,0.1462470160590278,0.21382649739583334,0.17124430338541666,0.11336263020833333,0.07550048828125,0.08913167317708333,0.0807156032986111
Span 60.jpg,Cohesive,0.013827853732638888,0.052693684895833336,0.04109022352430555,0.1470404730902778,0.21522352430555555,0.17352294921875,0.11442057291666667,0.07436116536458333,0.0895046657986111,0.07831488715277778
Span 60.jpg,Cohesive,0.014411078559027778,0.053670247395833336,0.043267144097222224,0.143310546875,0.2149386935763889,0.17204454210069445,0.11214192708333333,0.07440185546875,0.08869764539930555,0.08311631944444445
Span 60.jpg,Cohesive,0.014200846354166666,0.052619086371527776,0.04246690538194445,0.14560953776041666,0.21600341796875,0.1732109917534722,0.11525472005208333,0.07292344835069445,0.0884128146701389,0.07929823133680555
Calcium Carbonate (40%) - multicomponent_15 mm.jpg,Cohesive,0.0943332248263889,0.10963270399305555,0.05799696180555555,0.0704006618923611,0.0696682400173611,0.09400770399305555,0.07440863715277778,0.0970119900173611,0.11423746744791667,0.21830240885416666
Calcium Carbonate (40%) - multicomponent_15 mm.jpg,Cohesive,0.0962253146701389,0.10877821180555555,0.058146158854166664,0.06977674696180555,0.0675998263888889,0.08928765190972222,0.07563612196180555,0.0969509548611111,0.11780463324652778,0.2197943793402778
Calcium Carbonate (40%) - multicomponent_15 mm.jpg,Cohesive,0.09398057725694445,0.10919867621527778,0.05783420138888889,0.07191297743055555,0.06880018446180555,0.0960354275173611,0.07771131727430555,0.09516059027777778,0.11182318793402778,0.21754286024305555
Calcium Carbonate (40%) - multicomponent_15 mm.jpg,Cohesive,0.08844672309027778,0.10453287760416667,0.058390299479166664,0.07387288411458333,0.07140435112847222,0.0950656467013889,0.074462890625,0.09731038411458333,0.12102593315972222,0.2154880099826389
Parteck 50_19mm.jpg,Cohesive,0.10737440321180555,0.12304009331597222,0.055806477864583336,0.06999376085069445,0.059332953559027776,0.08349609375,0.0730319552951389,0.09260389539930555,0.1083034939236111,0.2270168728298611
Parteck 50_19mm.jpg,Cohesive,0.11187065972222222,0.12449137369791667,0.056267632378472224,0.06818305121527778,0.057373046875,0.07952202690972222,0.07312689887152778,0.09404839409722222,0.1090359157986111,0.2260810004340278
Parteck 50_19mm.jpg,Cohesive,0.1035427517361111,0.12123616536458333,0.05552842881944445,0.07191975911458333,0.06087917751736111,0.08695475260416667,0.07293701171875,0.09203423394097222,0.10749647352430555,0.2274712456597222
Parteck 50_19mm.jpg,Cohesive,0.1062893337673611,0.1184353298611111,0.055013020833333336,0.07060411241319445,0.06481255425347222,0.09398735894097222,0.07415771484375,0.09117296006944445,0.1080593532986111,0.21746826171875
Lidocaine_19mm.jpg,Cohesive,0.046468098958333336,0.07116021050347222,0.028632269965277776,0.09112548828125,0.10991075303819445,0.2226019965277778,0.0767483181423611,0.08778889973958333,0.1195949978298611,0.1459689670138889
Lidocaine_19mm.jpg,Cohesive,0.052239312065972224,0.0770263671875,0.030117458767361112,0.0896877712673611,0.1047634548611111,0.20621744791666666,0.07586669921875,0.08997938368055555,0.11504448784722222,0.1590576171875
Lidocaine_19mm.jpg,Cohesive,0.05352783203125,0.07691107855902778,0.03125,0.09009467230902778,0.10780164930555555,0.2113308376736111,0.07817925347222222,0.08930799696180555,0.11037190755208333,0.15122477213541666
Lidocaine_19mm.jpg,Cohesive,0.05390760633680555,0.0780029296875,0.031853569878472224,0.09033203125,0.1047702365451389,0.20245361328125,0.0771755642361111,0.0904541015625,0.11240641276041667,0.15864393446180555
Granulac 230_11mm.jpg,Cohesive,0.11804877387152778,0.12268744574652778,0.05911593967013889,0.060906304253472224,0.05445692274305555,0.070556640625,0.0722995334201389,0.09669325086805555,0.11737738715277778,0.22785780164930555
Granulac 230_11mm.jpg,Cohesive,0.12101236979166667,0.12322998046875,0.057732476128472224,0.060791015625,0.05323621961805555,0.06943766276041667,0.07338460286458333,0.09772406684027778,0.11722819010416667,0.2262234157986111
Granulac 230_11mm.jpg,Cohesive,0.12169053819444445,0.12361653645833333,0.058430989583333336,0.06045871310763889,0.053853352864583336,0.0707126193576389,0.0744967990451389,0.0966457790798611,0.11486138237847222,0.22523328993055555
Granulac 230_11mm.jpg,Cohesive,0.119384765625,0.12061225043402778,0.056070963541666664,0.06297471788194445,0.05648464626736111,0.07720269097222222,0.07209608289930555,0.09734429253472222,0.11680094401041667,0.22102864583333334
calcium carbonate (40%) - binary_15mm.jpg,Cohesive,0.09051513671875,0.10566541883680555,0.058736165364583336,0.07135009765625,0.0733371310763889,0.09637451171875,0.07453748914930555,0.0973239474826389,0.11943901909722222,0.21272108289930555
calcium carbonate (40%) - binary_15mm.jpg,Cohesive,0.0872463650173611,0.10529920789930555,0.05850558810763889,0.0733371310763889,0.07255045572916667,0.09278700086805555,0.07557508680555555,0.0970458984375,0.12192789713541667,0.2157253689236111
calcium carbonate (40%) - binary_15mm.jpg,Cohesive,0.08545600043402778,0.10369873046875,0.059163411458333336,0.07484944661458333,0.0749782986111111,0.0913425021701389,0.0740627712673611,0.09776475694444445,0.12410481770833333,0.21457926432291666
calcium carbonate (40%) - binary_15mm.jpg,Cohesive,0.08226860894097222,0.1016506618923611,0.05743408203125,0.07708740234375,0.0752902560763889,0.09967719184027778,0.07288275824652778,0.09724256727430555,0.12498643663194445,0.2114800347222222
Span 60_19mm.jpg,Cohesive,0.00909423828125,0.037665473090277776,0.009487575954861112,0.10784233940972222,0.15672471788194445,0.3315294053819444,0.0767550998263889,0.07771809895833333,0.1278957790798611,0.06528727213541667
Span 60_19mm.jpg,Cohesive,0.008253309461805556,0.03912353515625,0.009412977430555556,0.1079440646701389,0.1561957465277778,0.3258463541666667,0.07630750868055555,0.07996283637152778,0.1270819769965278,0.06987169053819445
Span 60_19mm.jpg,Cohesive,0.009039984809027778,0.038018120659722224,0.010002983940972222,0.1102634006076389,0.15907118055555555,0.3259684244791667,0.07674153645833333,0.07866753472222222,0.12456597222222222,0.0676608615451389
Span 60_19mm.jpg,Cohesive,0.008327907986111112,0.038384331597222224,0.008999294704861112,0.10969373914930555,0.1603936089409722,0.3213297526041667,0.0762939453125,0.0806003146701389,0.12483723958333333,0.0711398654513889
Potasium chloride_19mm.jpg,Cohesive,0.016092936197916668,0.04739040798611111,0.013081868489583334,0.10331217447916667,0.13132731119791666,0.2933349609375,0.07184516059027778,0.0840115017361111,0.15003797743055555,0.0895657009548611
Potasium chloride_19mm.jpg,Cohesive,0.016323513454861112,0.0469970703125,0.012959798177083334,0.09978569878472222,0.1302422417534722,0.2967054578993056,0.0714992947048611,0.08458794487847222,0.15275065104166666,0.08814832899305555
Potasium chloride_19mm.jpg,Cohesive,0.0181884765625,0.04720730251736111,0.014112684461805556,0.10211181640625,0.1320258246527778,0.29541015625,0.07324896918402778,0.0841335720486111,0.14398193359375,0.08957926432291667
Potasium chloride_19mm.jpg,Cohesive,0.016879611545138888,0.047234429253472224,0.013129340277777778,0.1005859375,0.1329074435763889,0.2937961154513889,0.07267252604166667,0.08531358506944445,0.1489189995659722,0.08856201171875
Cellulose.jpg,Cohesive,0.06785074869791667,0.10683186848958333,0.07299126519097222,0.09924994574652778,0.08030870225694445,0.08806694878472222,0.0738525390625,0.08951822916666667,0.11360677083333333,0.20772298177083334
Cellulose.jpg,Cohesive,0.0631374782986111,0.10510932074652778,0.07249620225694445,0.10286458333333333,0.08665635850694445,0.09148491753472222,0.07619222005208333,0.08799913194444445,0.11216905381944445,0.20189073350694445
Cellulose.jpg,Cohesive,0.060553656684027776,0.10251871744791667,0.07191975911458333,0.10569932725694445,0.08970133463541667,0.09415690104166667,0.07579210069444445,0.08653428819444445,0.1116061740451389,0.20151774088541666
Cellulose.jpg,Cohesive,0.057657877604166664,0.097412109375,0.07181803385416667,0.11028374565972222,0.09462483723958333,0.09935167100694445,0.07831488715277778,0.0864596896701389,0.1091037326388889,0.1949734157986111
Cellulose_19mm.jpg,Cohesive,0.11885579427083333,0.1229519314236111,0.06064181857638889,0.059699164496527776,0.05154758029513889,0.06266954210069445,0.06923421223958333,0.1004977756076389,0.1251288519965278,0.22877332899305555
Cellulose_19mm.jpg,Cohesive,0.11838785807291667,0.12433539496527778,0.05904812282986111,0.05937364366319445,0.052374945746527776,0.06294759114583333,0.0696139865451389,0.10053168402777778,0.12497965494791667,0.22840711805555555
Cellulose_19mm.jpg,Cohesive,0.11815728081597222,0.1228908962673611,0.058756510416666664,0.06027560763888889,0.05162217881944445,0.064453125,0.06810167100694445,0.09980604383680555,0.12548828125,0.23044840494791666
Cellulose_19mm.jpg,Cohesive,0.11492241753472222,0.12073432074652778,0.058600531684027776,0.06306966145833333,0.05409071180555555,0.06913926866319445,0.06865098741319445,0.09949408637152778,0.12785508897569445,0.2234429253472222
Cholic acid.jpg,Cohesive,0.028143988715277776,0.051798502604166664,0.019002278645833332,0.10437689887152778,0.13062879774305555,0.2633802625868056,0.07368977864583333,0.0865478515625,0.12839762369791666,0.11403401692708333
Cholic acid.jpg,Cohesive,0.026387532552083332,0.05003526475694445,0.017849392361111112,0.10373942057291667,0.1314154730902778,0.2647772894965278,0.07049560546875,0.08774820963541667,0.13271077473958334,0.1148410373263889
Cholic acid.jpg,Cohesive,0.024705674913194444,0.04666476779513889,0.01641845703125,0.10685221354166667,0.13734266493055555,0.2786526150173611,0.07121446397569445,0.08526611328125,0.1290215386284722,0.10386149088541667
Cholic acid.jpg,Cohesive,0.023512098524305556,0.046149359809027776,0.016920301649305556,0.10767957899305555,0.13490804036458334,0.271484375,0.071044921875,0.0874294704861111,0.1339111328125,0.1069607204861111
ParacetamolPowder_11mm.jpg,Cohesive,0.08418782552083333,0.11119927300347222,0.05306667751736111,0.08251953125,0.07202826605902778,0.10013834635416667,0.0749850802951389,0.09110514322916667,0.10613335503472222,0.2246365017361111
ParacetamolPowder_11mm.jpg,Cohesive,0.0852389865451389,0.11268446180555555,0.054877387152777776,0.08125813802083333,0.06842719184027778,0.09568956163194445,0.0742526584201389,0.09184434678819445,0.10825602213541667,0.2274712456597222
ParacetamolPowder_11mm.jpg,Cohesive,0.0727810329861111,0.1041259765625,0.050862630208333336,0.0900539822048611,0.0782809787326389,0.1133151584201389,0.0764431423611111,0.0902981228298611,0.1037868923611111,0.22005208333333334
ParacetamolPowder_11mm.jpg,Cohesive,0.06984456380208333,0.1029934353298611,0.04953342013888889,0.08976915147569445,0.07997639973958333,0.11707899305555555,0.0763210720486111,0.09074571397569445,0.1087985568576389,0.2149386935763889
Alcohol cetyl.jpg,Cohesive,0.053154839409722224,0.08173285590277778,0.0374755859375,0.09682210286458333,0.10052490234375,0.1676093207465278,0.07685004340277778,0.08954535590277778,0.1075778537326389,0.18870713975694445
Alcohol cetyl.jpg,Cohesive,0.048502604166666664,0.08020697699652778,0.037835015190972224,0.1003078884548611,0.09712727864583333,0.1673923068576389,0.0763821072048611,0.09025065104166667,0.109375,0.1926201714409722
Alcohol cetyl.jpg,Cohesive,0.050849066840277776,0.08149549696180555,0.039794921875,0.10089789496527778,0.09880235460069445,0.1641167534722222,0.07544623480902778,0.0890163845486111,0.108642578125,0.19093831380208334
Alcohol cetyl.jpg,Cohesive,0.050421820746527776,0.08311631944444445,0.03934054904513889,0.09940592447916667,0.0964084201388889,0.16181776258680555,0.07470703125,0.08997938368055555,0.11092122395833333,0.1938815646701389
Calcium Carbonate (40%) - binary.jpg,Cohesive,0.08442518446180555,0.10510932074652778,0.06005859375,0.0762600368923611,0.0736355251736111,0.090576171875,0.0735134548611111,0.0969577365451389,0.1219482421875,0.21751573350694445
Calcium Carbonate (40%) - binary.jpg,Cohesive,0.07243516710069445,0.10090467664930555,0.056755913628472224,0.0825534396701389,0.07855902777777778,0.09636773003472222,0.07293701171875,0.09626600477430555,0.12565782335069445,0.2175632052951389
Calcium Carbonate (40%) - binary.jpg,Cohesive,0.09049479166666667,0.1075100368923611,0.06077745225694445,0.0731540256076389,0.06748453776041667,0.07985432942708333,0.07158067491319445,0.09814453125,0.12819417317708334,0.2228054470486111
Calcium Carbonate (40%) - binary.jpg,Cohesive,0.07183159722222222,0.0992770724826389,0.056355794270833336,0.08123779296875,0.0790744357638889,0.0991550021701389,0.07231309678819445,0.09696451822916667,0.1293402777777778,0.2144504123263889
Avicel PH-101_5mm.jpg,Easyflowing,0.04366726345486111,0.0708889431423611,0.028754340277777776,0.09544542100694445,0.10719129774305555,0.21189371744791666,0.07836235894097222,0.0898708767361111,0.12036810980902778,0.1535576714409722
Avicel PH-101_5mm.jpg,Easyflowing,0.055107964409722224,0.07710096571180555,0.030917697482638888,0.0882297092013889,0.0994533962673611,0.1981133355034722,0.07843695746527778,0.09209526909722222,0.11780463324652778,0.16274007161458334
Avicel PH-101_5mm.jpg,Easyflowing,0.046685112847222224,0.07239447699652778,0.029941134982638888,0.09635416666666667,0.10466851128472222,0.20616319444444445,0.0769314236111111,0.09111192491319445,0.11794026692708333,0.1578097873263889
Avicel PH-101_5mm.jpg,Easyflowing,0.049872504340277776,0.07311333550347222,0.027669270833333332,0.09172227647569445,0.10423448350694445,0.2078586154513889,0.07784016927083333,0.0916748046875,0.12162950303819445,0.1543850368923611
S-carboxyl-L-cysteine_11mm.jpg,Easyflowing,0.07307264539930555,0.10203721788194445,0.04835340711805555,0.08710394965277778,0.08315022786458333,0.13310411241319445,0.07755533854166667,0.08848741319444445,0.0982394748263889,0.2088962131076389
S-carboxyl-L-cysteine_11mm.jpg,Easyflowing,0.07196044921875,0.10302056206597222,0.04826524522569445,0.0879787868923611,0.08037651909722222,0.1293877495659722,0.0766872829861111,0.08864339192708333,0.1004977756076389,0.21318223741319445
S-carboxyl-L-cysteine_11mm.jpg,Easyflowing,0.07097710503472222,0.09992133246527778,0.046162923177083336,0.08957926432291667,0.08570692274305555,0.13871934678819445,0.07976616753472222,0.08710394965277778,0.09663899739583333,0.20542399088541666
S-carboxyl-L-cysteine_11mm.jpg,Easyflowing,0.06462944878472222,0.0985989040798611,0.04574924045138889,0.09343804253472222,0.08394368489583333,0.1356540256076389,0.07602945963541667,0.08894178602430555,0.10528564453125,0.2077297634548611
ParacetamolPowder (40%) - binary.jpg,Easyflowing,0.047078450520833336,0.0796780056423611,0.03746202256944445,0.10027398003472222,0.1012301974826389,0.17100694444444445,0.07697889539930555,0.08940972222222222,0.11094156901041667,0.1859402126736111
ParacetamolPowder (40%) - binary.jpg,Easyflowing,0.038642035590277776,0.07331678602430555,0.034261067708333336,0.10401068793402778,0.10648600260416667,0.1804538302951389,0.07501898871527778,0.09224446614583333,0.1171875,0.1783786349826389
ParacetamolPowder (40%) - binary.jpg,Easyflowing,0.047295464409722224,0.07743326822916667,0.036519368489583336,0.09995524088541667,0.10474310980902778,0.17531331380208334,0.07672797309027778,0.09063720703125,0.11015489366319445,0.1812201605902778
ParacetamolPowder (40%) - binary.jpg,Easyflowing,0.04046630859375,0.0751071506076389,0.034952799479166664,0.10410563151041667,0.10614691840277778,0.1791110568576389,0.07371690538194445,0.09178331163194445,0.11604817708333333,0.1785617404513889
Ibuprofen 70.jpg,Easyflowing,0.03563096788194445,0.07621256510416667,0.050299750434027776,0.12108696831597222,0.15062120225694445,0.16325547960069445,0.10396321614583333,0.0827297634548611,0.08897569444444445,0.1272243923611111
Ibuprofen 70.jpg,Easyflowing,0.032280815972222224,0.07280137803819445,0.0518798828125,0.1239895290798611,0.1546563042534722,0.16386583116319445,0.10593668619791667,0.08219401041666667,0.0898776584201389,0.12251790364583333
Ibuprofen 70.jpg,Easyflowing,0.032172309027777776,0.07248942057291667,0.052510579427083336,0.12358940972222222,0.1517266167534722,0.16435411241319445,0.10576714409722222,0.08110215928819445,0.09105088975694445,0.1252373589409722
Ibuprofen 70.jpg,Easyflowing,0.028415256076388888,0.06974283854166667,0.051595052083333336,0.12577311197916666,0.1586371527777778,0.1695827907986111,0.1086086697048611,0.08115641276041667,0.09001329210069445,0.11647542317708333
Calcium Carbonate_15 mm.jpg,Easyflowing,0.026882595486111112,0.05055067274305555,0.017605251736111112,0.10240342881944445,0.12336561414930555,0.2769097222222222,0.07303873697916667,0.08824327256944445,0.1397365993923611,0.10126410590277778
Calcium Carbonate_15 mm.jpg,Easyflowing,0.021620008680555556,0.044453938802083336,0.013624403211805556,0.1028781467013889,0.12945556640625,0.2909274631076389,0.07075330946180555,0.08842637803819445,0.15342203776041666,0.0844387478298611
Calcium Carbonate_15 mm.jpg,Easyflowing,0.029140896267361112,0.052971733940972224,0.019768608940972224,0.10100640190972222,0.12436930338541667,0.2699245876736111,0.07392035590277778,0.08902994791666667,0.13332112630208334,0.10654703776041667
Calcium Carbonate_15 mm.jpg,Easyflowing,0.02166748046875,0.04533555772569445,0.0147705078125,0.10402425130208333,0.13163926866319445,0.2875162760416667,0.0719943576388889,0.0895046657986111,0.14687093098958334,0.08667670355902778
Magnesium stearate_.jpg,Easyflowing,0.12249077690972222,0.12089708116319445,0.06412760416666667,0.060384114583333336,0.0504150390625,0.058600531684027776,0.06677924262152778,0.10072157118055555,0.1291842990451389,0.22639973958333334
Magnesium stearate_.jpg,Easyflowing,0.12120903862847222,0.1217380099826389,0.06392415364583333,0.06086561414930555,0.05024549696180555,0.05933973524305555,0.06653510199652778,0.10118272569444445,0.12822129991319445,0.2267388237847222
Magnesium stearate_.jpg,Easyflowing,0.12023247612847222,0.12007649739583333,0.06379530164930555,0.06150987413194445,0.05160183376736111,0.06037733289930555,0.0666232638888889,0.1001247829861111,0.12828233506944445,0.22737630208333334
Magnesium stearate_.jpg,Easyflowing,0.11728922526041667,0.11773003472222222,0.06408013237847222,0.06401231553819445,0.055806477864583336,0.0627170138888889,0.06833902994791667,0.09918212890625,0.1273735894097222,0.22347005208333334
Sodium Stearyl Fumarate.jpg,Easyflowing,0.11534288194444445,0.12031385633680555,0.060567220052083336,0.06049940321180555,0.050272623697916664,0.06005859375,0.06595865885416667,0.10198974609375,0.13321940104166666,0.2317776150173611
Sodium Stearyl Fumarate.jpg,Easyflowing,0.11793348524305555,0.1210055881076389,0.06020779079861111,0.057807074652777776,0.049981011284722224,0.05940077039930555,0.06562635633680555,0.10410563151041667,0.1326361762152778,0.2312961154513889
Sodium Stearyl Fumarate.jpg,Easyflowing,0.10978868272569445,0.12035454644097222,0.06021457248263889,0.06298149956597222,0.053961859809027776,0.0630221896701389,0.06650797526041667,0.10154893663194445,0.130859375,0.23076036241319445
Sodium Stearyl Fumarate.jpg,Easyflowing,0.11326768663194445,0.11745198567708333,0.058837890625,0.06081814236111111,0.05419921875,0.06592475043402778,0.06669786241319445,0.1022610134548611,0.13359239366319445,0.22694905598958334
Affinisol_5mm.jpg,Easyflowing,0.0798611111111111,0.09260389539930555,0.03974745008680555,0.07923719618055555,0.09149169921875,0.176513671875,0.07732476128472222,0.08936903211805555,0.0986599392361111,0.17519124348958334
Affinisol_5mm.jpg,Easyflowing,0.0655178493923611,0.07902018229166667,0.031778971354166664,0.08367241753472222,0.10276285807291667,0.2069430881076389,0.07868787977430555,0.08808729383680555,0.10826280381944445,0.1552666558159722
Affinisol_5mm.jpg,Easyflowing,0.07398139105902778,0.08820936414930555,0.036919487847222224,0.0820583767361111,0.09840223524305555,0.1895751953125,0.07826741536458333,0.08900960286458333,0.09897867838541667,0.16459825303819445
Affinisol_5mm.jpg,Easyflowing,0.05738661024305555,0.0727810329861111,0.028822157118055556,0.08848741319444445,0.11005316840277778,0.22340223524305555,0.07911512586805555,0.08900960286458333,0.10913764105902778,0.14180501302083334
Calcium Carbonate (20%) - multicomponent.jpg,Easyflowing,0.05864122178819445,0.08815511067708333,0.044189453125,0.09228515625,0.09442816840277778,0.1369289822048611,0.07744683159722222,0.09307861328125,0.11301676432291667,0.20182969835069445
Calcium Carbonate (20%) - multicomponent.jpg,Easyflowing,0.05714246961805555,0.08794487847222222,0.045111762152777776,0.09122721354166667,0.09488932291666667,0.12961832682291666,0.07634819878472222,0.09504530164930555,0.11539713541666667,0.207275390625
Calcium Carbonate (20%) - multicomponent.jpg,Easyflowing,0.06507703993055555,0.09311930338541667,0.04678683810763889,0.08714463975694445,0.09114583333333333,0.1294216579861111,0.07642279730902778,0.0942043728298611,0.1106228298611111,0.2060546875
Calcium Carbonate (20%) - multicomponent.jpg,Easyflowing,0.06272379557291667,0.09189860026041667,0.0469970703125,0.08943684895833333,0.09016248914930555,0.12797037760416666,0.0765380859375,0.09504530164930555,0.11585150824652778,0.2033759223090278
ParacetamolPowder (40%) - multicomponent.jpg,Easyflowing,0.027547200520833332,0.05558946397569445,0.018608940972222224,0.10139295789930555,0.1248508029513889,0.2522786458333333,0.075927734375,0.08558485243055555,0.13972303602430555,0.1184963650173611
ParacetamolPowder (40%) - multicomponent.jpg,Easyflowing,0.025254991319444444,0.05487060546875,0.01715087890625,0.09938557942708333,0.1254611545138889,0.2526448567708333,0.07208251953125,0.0866970486111111,0.147216796875,0.1192355685763889
ParacetamolPowder (40%) - multicomponent.jpg,Easyflowing,0.023851182725694444,0.05339219835069445,0.017985026041666668,0.10243055555555555,0.13071695963541666,0.2562188042534722,0.0749172634548611,0.0848117404513889,0.1397433810763889,0.1159328884548611
ParacetamolPowder (40%) - multicomponent.jpg,Easyflowing,0.024712456597222224,0.054178873697916664,0.017632378472222224,0.10040961371527778,0.12613932291666666,0.2541436089409722,0.07433403862847222,0.08430311414930555,0.1459011501736111,0.11824544270833333
4-aminobenzoic acid.jpg,Easyflowing,0.040412055121527776,0.0785251193576389,0.05839708116319445,0.12630208333333334,0.1384548611111111,0.1457451714409722,0.09419759114583333,0.08418782552083333,0.08894856770833333,0.1448296440972222
4-aminobenzoic acid.jpg,Easyflowing,0.027696397569444444,0.06633165147569445,0.05230712890625,0.13499620225694445,0.16225179036458334,0.1626315646701389,0.10131157769097222,0.08141411675347222,0.0903659396701389,0.1206936306423611
4-aminobenzoic acid.jpg,Easyflowing,0.04549831814236111,0.07902018229166667,0.05838351779513889,0.12126329210069445,0.13572184244791666,0.1474948459201389,0.09501139322916667,0.08321126302083333,0.08671739366319445,0.1476779513888889
4-aminobenzoic acid.jpg,Easyflowing,0.026984320746527776,0.06234402126736111,0.052897135416666664,0.1370917426215278,0.16453043619791666,0.16634114583333334,0.10411241319444445,0.08083089192708333,0.08875189887152778,0.1161159939236111
ParacetamolPowder (20%) - binary.jpg,Easyflowing,0.030015733506944444,0.05845811631944445,0.025892469618055556,0.10851372612847222,0.1261867947048611,0.2310723198784722,0.07454427083333333,0.08721923828125,0.11627197265625,0.14182535807291666
ParacetamolPowder (20%) - binary.jpg,Easyflowing,0.026563856336805556,0.05392116970486111,0.021518283420138888,0.10765923394097222,0.1309882269965278,0.24601915147569445,0.07421875,0.0860595703125,0.12213134765625,0.13092041015625
ParacetamolPowder (20%) - binary.jpg,Easyflowing,0.03164333767361111,0.057427300347222224,0.024020724826388888,0.10772026909722222,0.1301812065972222,0.23960367838541666,0.07731797960069445,0.0863037109375,0.11372205946180555,0.13205973307291666
ParacetamolPowder (20%) - binary.jpg,Easyflowing,0.023573133680555556,0.049560546875,0.018663194444444444,0.10881890190972222,0.13755289713541666,0.2588636610243056,0.0744289822048611,0.08512369791666667,0.12493218315972222,0.11848280164930555
Soluplus_19mm.jpg,Easyflowing,0.015719943576388888,0.046122233072916664,0.009914822048611112,0.09796142578125,0.1434665256076389,0.3061116536458333,0.07061089409722222,0.0784640842013889,0.1534084743923611,0.0782199435763889
Soluplus_19mm.jpg,Easyflowing,0.013251410590277778,0.04478624131944445,0.008449978298611112,0.09798177083333333,0.1412896050347222,0.3082207573784722,0.06816270616319445,0.07926432291666667,0.16314697265625,0.07544623480902778
Soluplus_19mm.jpg,Easyflowing,0.013671875,0.045125325520833336,0.009263780381944444,0.09966362847222222,0.1454739040798611,0.3081868489583333,0.07042778862847222,0.07972547743055555,0.15273030598958334,0.07573106553819445
Soluplus_19mm.jpg,Easyflowing,0.0128173828125,0.045979817708333336,0.008639865451388888,0.09867350260416667,0.1448906792534722,0.3050265842013889,0.06962754991319445,0.07984754774305555,0.1593967013888889,0.0751003689236111
ParacetamolGranularSpecial(20%) - multicomponent_11mm.jpg,Easyflowing,0.05113389756944445,0.07332356770833333,0.029629177517361112,0.0893825954861111,0.1119045681423611,0.2236870659722222,0.0807766384548611,0.0857815212673611,0.10796440972222222,0.1464165581597222
ParacetamolGranularSpecial(20%) - multicomponent_11mm.jpg,Easyflowing,0.036492241753472224,0.062479654947916664,0.025214301215277776,0.09828694661458333,0.118896484375,0.2388848198784722,0.07823350694444445,0.08561876085069445,0.12013075086805555,0.13576253255208334
ParacetamolGranularSpecial(20%) - multicomponent_11mm.jpg,Easyflowing,0.035807291666666664,0.060234917534722224,0.024074978298611112,0.09825981987847222,0.1227756076388889,0.2499932183159722,0.07880316840277778,0.08531358506944445,0.11515299479166667,0.1295844184027778
ParacetamolGranularSpecial(20%) - multicomponent_11mm.jpg,Easyflowing,0.029405381944444444,0.057610405815972224,0.022135416666666668,0.10133192274305555,0.1241794162326389,0.2561238606770833,0.07758924696180555,0.08455403645833333,0.12341986762152778,0.12365044487847222
Phenylephrine.jpg,Easyflowing,0.034552680121527776,0.0755954318576389,0.055501302083333336,0.12450493706597222,0.14267985026041666,0.15180799696180555,0.10169135199652778,0.08128526475694445,0.09150526258680555,0.1408759223090278
Phenylephrine.jpg,Easyflowing,0.03651258680555555,0.07708062065972222,0.05706787109375,0.12416585286458333,0.137939453125,0.1529473198784722,0.09998236762152778,0.0808987087673611,0.090087890625,0.1433173285590278
Phenylephrine.jpg,Easyflowing,0.03249782986111111,0.0735202365451389,0.056050618489583336,0.12654622395833334,0.14424641927083334,0.15614149305555555,0.10027398003472222,0.0804172092013889,0.09025065104166667,0.14005533854166666
Phenylephrine.jpg,Easyflowing,0.033467610677083336,0.07417805989583333,0.056647406684027776,0.1268853081597222,0.1431003146701389,0.1547173394097222,0.1006808810763889,0.08021375868055555,0.08988444010416667,0.1402248806423611
Ibuprofen 50.jpg,Easyflowing,0.04486083984375,0.07099066840277778,0.029188368055555556,0.09779188368055555,0.1117892795138889,0.21513536241319445,0.07611762152777778,0.08835856119791667,0.1133083767361111,0.1524590386284722
Ibuprofen 50.jpg,Easyflowing,0.04194471571180555,0.06783040364583333,0.027303059895833332,0.0995144314236111,0.11463758680555555,0.2158542209201389,0.07586669921875,0.0882229275173611,0.11695014105902778,0.15187581380208334
Ibuprofen 50.jpg,Easyflowing,0.04812282986111111,0.07465277777777778,0.03152804904513889,0.09931776258680555,0.11128065321180555,0.2026095920138889,0.0775417751736111,0.0888943142361111,0.1084255642361111,0.1576266818576389
Ibuprofen 50.jpg,Easyflowing,0.038628472222222224,0.06501600477430555,0.02630615234375,0.10132514105902778,0.11701117621527778,0.22263590494791666,0.0751003689236111,0.0882229275173611,0.1192626953125,0.1464911566840278
Avicel PH-101.jpg,Easyflowing,0.049445258246527776,0.085693359375,0.06075710720486111,0.11609564887152778,0.1240573459201389,0.14162190755208334,0.0921630859375,0.08385552300347222,0.08909776475694445,0.15721299913194445
Avicel PH-101.jpg,Easyflowing,0.03973388671875,0.079833984375,0.058112250434027776,0.12272813585069445,0.1357964409722222,0.1477118598090278,0.09541151258680555,0.08094618055555555,0.0915798611111111,0.14814588758680555
Avicel PH-101.jpg,Easyflowing,0.04775661892361111,0.08357069227430555,0.05914306640625,0.11711290147569445,0.12816026475694445,0.1457790798611111,0.09556070963541667,0.08253987630208333,0.0887179904513889,0.15165879991319445
Avicel PH-101.jpg,Easyflowing,0.034966362847222224,0.07523600260416667,0.05595567491319445,0.1263088650173611,0.14497205946180555,0.15367296006944445,0.09785970052083333,0.0811767578125,0.09107123480902778,0.13878038194444445
S-carboxymethyl-L-cysteine.jpg,Easyflowing,0.04934353298611111,0.09246826171875,0.0682033962673611,0.1165500217013889,0.11365424262152778,0.12172444661458333,0.08648681640625,0.0823635525173611,0.09569634331597222,0.17350938585069445
S-carboxymethyl-L-cysteine.jpg,Easyflowing,0.04525417751736111,0.08791097005208333,0.06569417317708333,0.12214491102430555,0.11945258246527778,0.13041178385416666,0.08917914496527778,0.08098687065972222,0.09315999348958333,0.1658053927951389
S-carboxymethyl-L-cysteine.jpg,Easyflowing,0.044609917534722224,0.0885281032986111,0.06536865234375,0.11754014756944445,0.12304009331597222,0.13105604383680555,0.09056939019097222,0.08089192708333333,0.09330919053819445,0.16508653428819445
S-carboxymethyl-L-cysteine.jpg,Easyflowing,0.038818359375,0.08194986979166667,0.06413438585069445,0.12542724609375,0.13273790147569445,0.13871256510416666,0.09337022569444445,0.07906087239583333,0.09138997395833333,0.15439860026041666
Calcium Carbonate (20%) - binary.jpg,Easyflowing,0.0791286892361111,0.10114203559027778,0.05843777126736111,0.08015272352430555,0.08178032769097222,0.10389539930555555,0.07334391276041667,0.09466552734375,0.11799452039930555,0.20945909288194445
Calcium Carbonate (20%) - binary.jpg,Easyflowing,0.07727728949652778,0.0990261501736111,0.057698567708333336,0.08173285590277778,0.08270941840277778,0.10108100043402778,0.0728420681423611,0.09632703993055555,0.12137858072916667,0.2099270290798611
Calcium Carbonate (20%) - binary.jpg,Easyflowing,0.07423909505208333,0.09836832682291667,0.05810546875,0.08422173394097222,0.0867919921875,0.11071099175347222,0.07206895616319445,0.0949367947048611,0.11507161458333333,0.20548502604166666
Calcium Carbonate (20%) - binary.jpg,Easyflowing,0.0674167209201389,0.09525553385416667,0.055657280815972224,0.08696831597222222,0.08886040581597222,0.1157565646701389,0.07295057508680555,0.09495035807291667,0.12015787760416667,0.2020263671875
Calcium Carbonate.jpg,Easyflowing,0.052978515625,0.08855523003472222,0.060370551215277776,0.11503770616319445,0.1269463433159722,0.1399264865451389,0.0898098415798611,0.08183458116319445,0.09028455946180555,0.15425618489583334
Calcium Carbonate.jpg,Easyflowing,0.030585394965277776,0.07151285807291667,0.0531005859375,0.1314358181423611,0.16579182942708334,0.15593126085069445,0.10276963975694445,0.08014594184027778,0.09004041883680555,0.1186862521701389
Calcium Carbonate.jpg,Easyflowing,0.043938530815972224,0.08070882161458333,0.05872938368055555,0.12274848090277778,0.14253065321180555,0.1474338107638889,0.09526231553819445,0.0810207790798611,0.08937581380208333,0.1382514105902778
Calcium Carbonate.jpg,Easyflowing,0.028205023871527776,0.06629096137152778,0.05215115017361111,0.1354031032986111,0.17228190104166666,0.16371663411458334,0.10394965277777778,0.07817925347222222,0.08936225043402778,0.11046006944444445
ParacetamolGranularSpecial(20%) - multicomponent.jpg,Easyflowing,0.03205702039930555,0.05731201171875,0.018731011284722224,0.09375,0.12778727213541666,0.2747734917534722,0.07630072699652778,0.0873752170138889,0.12725830078125,0.10465494791666667
ParacetamolGranularSpecial(20%) - multicomponent.jpg,Easyflowing,0.025906032986111112,0.052741156684027776,0.01580810546875,0.0943874782986111,0.1305270724826389,0.2838066948784722,0.07581244574652778,0.08738199869791667,0.13554551866319445,0.09808349609375
ParacetamolGranularSpecial(20%) - multicomponent.jpg,Easyflowing,0.026258680555555556,0.05107286241319445,0.016411675347222224,0.09766303168402778,0.1348605685763889,0.2855767144097222,0.0780978732638889,0.08625623914930555,0.1281467013888889,0.09565565321180555
ParacetamolGranularSpecial(20%) - multicomponent.jpg,Easyflowing,0.026387532552083332,0.05042860243055555,0.01611328125,0.0972561306423611,0.13421630859375,0.2841389973958333,0.075927734375,0.0887179904513889,0.132080078125,0.09473334418402778
Affinisol.jpg,Easyflowing,0.030144585503472224,0.06846788194444445,0.047220865885416664,0.119140625,0.16484239366319445,0.18010118272569445,0.11616346571180555,0.0819091796875,0.08161078559027778,0.11039903428819445
Affinisol.jpg,Easyflowing,0.025533040364583332,0.06419542100694445,0.045735677083333336,0.12544759114583334,0.17399766710069445,0.18265787760416666,0.1189846462673611,0.0818752712673611,0.08129204644097222,0.10028076171875
Affinisol.jpg,Easyflowing,0.028544108072916668,0.06646050347222222,0.048685709635416664,0.12049018012152778,0.16658528645833334,0.1811794704861111,0.1167941623263889,0.08184814453125,0.08211263020833333,0.1072998046875
Affinisol.jpg,Easyflowing,0.024861653645833332,0.0625,0.04731580946180555,0.12426079644097222,0.1747097439236111,0.18489583333333334,0.11937120225694445,0.0817599826388889,0.08171251085069445,0.09861246744791667
Microcel MC-200.jpg,Easyflowing,0.029710557725694444,0.06998697916666667,0.052571614583333336,0.12541368272569445,0.1597357855902778,0.1676093207465278,0.10901557074652778,0.08217366536458333,0.0883517795138889,0.11543104383680555
Microcel MC-200.jpg,Easyflowing,0.028035481770833332,0.07103814019097222,0.05117458767361111,0.1252102322048611,0.16484239366319445,0.1670260959201389,0.10829671223958333,0.08284505208333333,0.0885009765625,0.11303032769097222
Microcel MC-200.jpg,Easyflowing,0.030076768663194444,0.0699801974826389,0.053961859809027776,0.12310112847222222,0.1605902777777778,0.1690741644965278,0.1104465060763889,0.08024766710069445,0.0874362521701389,0.1150851779513889
Microcel MC-200.jpg,Easyflowing,0.025831434461805556,0.06726752387152778,0.051900227864583336,0.1254543728298611,0.16914876302083334,0.17356363932291666,0.11042616102430555,0.08135986328125,0.0870090060763889,0.10803900824652778
D-glucose.jpg,Easyflowing,0.023579915364583332,0.06230333116319445,0.054680718315972224,0.14532470703125,0.17552354600694445,0.15352376302083334,0.0991482204861111,0.07733832465277778,0.09309895833333333,0.115478515625
D-glucose.jpg,Easyflowing,0.023674858940972224,0.061896430121527776,0.05555555555555555,0.1468166775173611,0.1737060546875,0.1494479709201389,0.0994873046875,0.07728407118055555,0.09318033854166667,0.11895073784722222
D-glucose.jpg,Easyflowing,0.02606201171875,0.06222873263888889,0.055257161458333336,0.14304606119791666,0.17411973741319445,0.15403238932291666,0.10050455729166667,0.0775417751736111,0.09126112196180555,0.11594645182291667
D-glucose.jpg,Easyflowing,0.023118760850694444,0.060994466145833336,0.05327012803819445,0.14463297526041666,0.1795315212673611,0.1568332248263889,0.10304090711805555,0.07685004340277778,0.0905422634548611,0.11118570963541667
Microcel MC-200_13mm.jpg,Easyflowing,0.032050238715277776,0.057379828559027776,0.019422743055555556,0.09619818793402778,0.11891004774305555,0.2670559353298611,0.07501898871527778,0.0870700412326389,0.1359524197048611,0.11094156901041667
Microcel MC-200_13mm.jpg,Easyflowing,0.03425428602430555,0.05917697482638889,0.020216200086805556,0.09737141927083333,0.11473931206597222,0.2539333767361111,0.07592095269097222,0.08991156684027778,0.1365017361111111,0.11797417534722222
Microcel MC-200_13mm.jpg,Easyflowing,0.029941134982638888,0.05472140842013889,0.016879611545138888,0.09804280598958333,0.12426079644097222,0.2756076388888889,0.07377794053819445,0.08675130208333333,0.1386650933159722,0.1013522677951389
Microcel MC-200_13mm.jpg,Easyflowing,0.034281412760416664,0.05803087022569445,0.019856770833333332,0.09645589192708333,0.12046983506944445,0.2562052408854167,0.07564290364583333,0.08830430772569445,0.13747151692708334,0.11328125
Ibuprofen 70_5mm.jpg,Easyflowing,0.028937445746527776,0.05581325954861111,0.020887586805555556,0.10407850477430555,0.1289944118923611,0.2620035807291667,0.07807074652777778,0.0852389865451389,0.12188720703125,0.11408827039930555
Ibuprofen 70_5mm.jpg,Easyflowing,0.029045952690972224,0.056111653645833336,0.021748860677083332,0.10442437065972222,0.12890625,0.2532077365451389,0.07603624131944445,0.0849880642361111,0.12383355034722222,0.12169731987847222
Ibuprofen 70_5mm.jpg,Easyflowing,0.025607638888888888,0.05207655164930555,0.018731011284722224,0.1068996853298611,0.1369357638888889,0.2703993055555556,0.07764350043402778,0.08538818359375,0.12190077039930555,0.10441758897569445
Ibuprofen 70_5mm.jpg,Easyflowing,0.0224609375,0.04901123046875,0.017598470052083332,0.10912407769097222,0.13529459635416666,0.2729220920138889,0.07518853081597222,0.0848117404513889,0.1269802517361111,0.10660807291666667
D-glucose_11mm.jpg,Easyflowing,0.017842610677083332,0.04643419053819445,0.0125732421875,0.09900580512152778,0.13460286458333334,0.3053114149305556,0.0776028103298611,0.07996283637152778,0.1432223849826389,0.08344184027777778
D-glucose_11mm.jpg,Easyflowing,0.013264973958333334,0.044365776909722224,0.011033799913194444,0.09922281901041667,0.13427734375,0.3069661458333333,0.07570393880208333,0.0803493923611111,0.1551513671875,0.07966444227430555
D-glucose_11mm.jpg,Easyflowing,0.014885796440972222,0.04281955295138889,0.01153564453125,0.10154893663194445,0.1378106011284722,0.3126898871527778,0.07737901475694445,0.08003065321180555,0.14472791883680555,0.0765719943576389
D-glucose_11mm.jpg,Easyflowing,0.012986924913194444,0.043328179253472224,0.01080322265625,0.1004299587673611,0.13725450303819445,0.3104180230034722,0.07579210069444445,0.08173963758680555,0.1495022243923611,0.07774522569444445
Phenylephrine_19mm.jpg,Easyflowing,0.04376220703125,0.07190619574652778,0.031636555989583336,0.1004909939236111,0.1123928493923611,0.21022542317708334,0.07902696397569445,0.08434380425347222,0.10717095269097222,0.15904405381944445
Phenylephrine_19mm.jpg,Easyflowing,0.044474283854166664,0.07293023003472222,0.03148057725694445,0.0978122287326389,0.11452229817708333,0.20826551649305555,0.07889811197916667,0.08534071180555555,0.1084323459201389,0.1578436957465278
Phenylephrine_19mm.jpg,Easyflowing,0.0340576171875,0.06410725911458333,0.026685926649305556,0.1066623263888889,0.1224365234375,0.23116048177083334,0.07712809244791667,0.08336046006944445,0.1120266384548611,0.14237467447916666
Phenylephrine_19mm.jpg,Easyflowing,0.036376953125,0.06622992621527778,0.028157552083333332,0.10334608289930555,0.1191745334201389,0.2231513129340278,0.07798936631944445,0.0841335720486111,0.11328803168402778,0.14815266927083334
Calcium Carbonate (20%) - binary_5mm.jpg,Easyflowing,0.0638088650173611,0.09284803602430555,0.051839192708333336,0.08655463324652778,0.0892333984375,0.11775037977430555,0.07526991102430555,0.09459092881944445,0.12053087022569445,0.2075737847222222
Calcium Carbonate (20%) - binary_5mm.jpg,Easyflowing,0.05648464626736111,0.08949788411458333,0.048828125,0.08952501085069445,0.0929294162326389,0.11818440755208333,0.07567003038194445,0.09382459852430555,0.12451171875,0.2105441623263889
Calcium Carbonate (20%) - binary_5mm.jpg,Easyflowing,0.060675726996527776,0.09019639756944445,0.052910698784722224,0.08924018012152778,0.08985053168402778,0.1145901150173611,0.0756496853298611,0.0949435763888889,0.12318250868055555,0.20876057942708334
Calcium Carbonate (20%) - binary_5mm.jpg,Easyflowing,0.054314507378472224,0.08777533637152778,0.049173990885416664,0.0906100802951389,0.09495035807291667,0.1219821506076389,0.07459174262152778,0.09553358289930555,0.1277737087673611,0.20329454210069445
4-aminobenzoic acid_11mm.jpg,Easyflowing,0.04476589626736111,0.07198079427083333,0.029242621527777776,0.0961642795138889,0.10416666666666667,0.2062106662326389,0.07761637369791667,0.0924072265625,0.12465413411458333,0.15279134114583334
4-aminobenzoic acid_11mm.jpg,Easyflowing,0.033772786458333336,0.062093098958333336,0.021884494357638888,0.09606255425347222,0.11241997612847222,0.22918701171875,0.07639567057291667,0.09101019965277778,0.1436767578125,0.13349745008680555
4-aminobenzoic acid_11mm.jpg,Easyflowing,0.036810980902777776,0.0659518771701389,0.025438096788194444,0.09842936197916667,0.1099514431423611,0.22386338975694445,0.07867431640625,0.08967420789930555,0.1323174370659722,0.1388888888888889
4-aminobenzoic acid_11mm.jpg,Easyflowing,0.031114366319444444,0.0582275390625,0.020541720920138888,0.09856499565972222,0.11627875434027778,0.23838975694444445,0.07585313585069445,0.09016248914930555,0.1499091254340278,0.12095811631944445
ParacetamolPowder (20%) - multicomponent.jpg,Easyflowing,0.038018120659722224,0.06791856553819445,0.027960883246527776,0.09855821397569445,0.1150783962673611,0.22266981336805555,0.07744683159722222,0.08929443359375,0.11848958333333333,0.1445651584201389
ParacetamolPowder (20%) - multicomponent.jpg,Easyflowing,0.035685221354166664,0.0677151150173611,0.027194552951388888,0.10146077473958333,0.11237250434027778,0.2181735568576389,0.07635498046875,0.09079996744791667,0.1249050564236111,0.14533827039930555
ParacetamolPowder (20%) - multicomponent.jpg,Easyflowing,0.04487440321180555,0.07124837239583333,0.030076768663194444,0.0965576171875,0.1123385959201389,0.21537950303819445,0.07799614800347222,0.08948432074652778,0.11445448133680555,0.1475897894965278
ParacetamolPowder (20%) - multicomponent.jpg,Easyflowing,0.03802490234375,0.06768120659722222,0.027364095052083332,0.10007731119791667,0.11482069227430555,0.2165798611111111,0.07648383246527778,0.0910983615451389,0.1216159396701389,0.14625379774305555
Sodium stearyl fumarate_11mm.jpg,Easyflowing,0.1153564453125,0.12160237630208333,0.059427897135416664,0.058247884114583336,0.0511474609375,0.061455620659722224,0.0675320095486111,0.10265435112847222,0.13145616319444445,0.23111979166666666
Sodium stearyl fumarate_11mm.jpg,Easyflowing,0.11561414930555555,0.12041558159722222,0.05942111545138889,0.05946180555555555,0.051215277777777776,0.061577690972222224,0.0671047634548611,0.10190836588541667,0.13116455078125,0.23211669921875
Sodium stearyl fumarate_11mm.jpg,Easyflowing,0.11265055338541667,0.1217922634548611,0.06026882595486111,0.06056043836805555,0.05291748046875,0.0625339084201389,0.06697591145833333,0.10106065538194445,0.1323581271701389,0.2288818359375
Sodium stearyl fumarate_11mm.jpg,Easyflowing,0.10908338758680555,0.11726209852430555,0.05953640407986111,0.0633273654513889,0.05402967664930555,0.06879340277777778,0.06868489583333333,0.10020616319444445,0.13264295789930555,0.2264336480034722
Magnesium stearate.jpg,Easyflowing,0.1203884548611111,0.12245008680555555,0.06365966796875,0.0604248046875,0.050557454427083336,0.06002468532986111,0.0670505099826389,0.10211859809027778,0.1274142795138889,0.22591145833333334
Magnesium stearate.jpg,Easyflowing,0.11113823784722222,0.12047661675347222,0.06545003255208333,0.06543646918402778,0.054423014322916664,0.06432427300347222,0.0690036349826389,0.09777153862847222,0.12646484375,0.22551133897569445
Magnesium stearate.jpg,Easyflowing,0.11842854817708333,0.1204833984375,0.0633205837673611,0.06197781032986111,0.053107367621527776,0.062188042534722224,0.06622992621527778,0.10036214192708333,0.12773301866319445,0.2261691623263889
Magnesium stearate.jpg,Easyflowing,0.10432942708333333,0.11814371744791667,0.06541612413194445,0.07090250651041667,0.06114366319444445,0.0689968532986111,0.07038031684027778,0.0973849826388889,0.1249660915798611,0.21833631727430555
Soluplus.jpg,Easyflowing,0.011759440104166666,0.04804823133680555,0.03945583767361111,0.1480034722222222,0.2345513237847222,0.17521837022569445,0.11073811848958333,0.0762939453125,0.08582899305555555,0.0701022677951389
Soluplus.jpg,Easyflowing,0.012471516927083334,0.047234429253472224,0.039177788628472224,0.14896647135416666,0.2327541775173611,0.1744656032986111,0.11421712239583333,0.07550048828125,0.08477105034722222,0.07044135199652778
Soluplus.jpg,Easyflowing,0.012159559461805556,0.047125922309027776,0.04100206163194445,0.1470675998263889,0.2343817816840278,0.17515055338541666,0.11274549696180555,0.07537841796875,0.08568657769097222,0.0693020290798611
Soluplus.jpg,Easyflowing,0.012830946180555556,0.046407063802083336,0.03982883029513889,0.14869520399305555,0.23124186197916666,0.1782769097222222,0.1142849392361111,0.07489691840277778,0.0838962131076389,0.06964111328125
Mefenamic acid (5%) - multicomponent.jpg,Freeflowing,0.014723036024305556,0.0416259765625,0.009663899739583334,0.09952799479166667,0.13887532552083334,0.3171793619791667,0.0697021484375,0.08092583550347222,0.1427273220486111,0.0850490993923611
Mefenamic acid (5%) - multicomponent.jpg,Freeflowing,0.016777886284722224,0.04078504774305555,0.010043674045138888,0.10015190972222222,0.13525390625,0.3120863172743056,0.0677829318576389,0.08320448133680555,0.1463555230034722,0.0875583224826389
Mefenamic acid (5%) - multicomponent.jpg,Freeflowing,0.014119466145833334,0.04055447048611111,0.010233561197916666,0.10213216145833333,0.14152018229166666,0.3168877495659722,0.07087537977430555,0.07915581597222222,0.1386650933159722,0.08585611979166667
Mefenamic acid (5%) - multicomponent.jpg,Freeflowing,0.016133626302083332,0.04157850477430555,0.010457356770833334,0.10103352864583333,0.1375054253472222,0.3108317057291667,0.0685696072048611,0.08329942491319445,0.14130995008680555,0.08928087022569445
Paracetamol Granular Special.jpg,Freeflowing,0.016459147135416668,0.041524251302083336,0.01123046875,0.10790337456597222,0.1464775933159722,0.3042941623263889,0.07596842447916667,0.0858425564236111,0.1340399848090278,0.0762600368923611
Paracetamol Granular Special.jpg,Freeflowing,0.015923394097222224,0.04013400607638889,0.011223687065972222,0.10978868272569445,0.14457872178819445,0.29864501953125,0.07810465494791667,0.08686659071180555,0.13377549913194445,0.0809597439236111
Paracetamol Granular Special.jpg,Freeflowing,0.015394422743055556,0.04130723741319445,0.011644151475694444,0.10863579644097222,0.1498074001736111,0.3024156358506944,0.07838948567708333,0.08573404947916667,0.1306491427951389,0.0760226779513889
Paracetamol Granular Special.jpg,Freeflowing,0.015123155381944444,0.0391845703125,0.011508517795138888,0.10913764105902778,0.14817301432291666,0.3016493055555556,0.07745361328125,0.08763292100694445,0.1341010199652778,0.07603624131944445
Pearlitol 100SD.jpg,Freeflowing,0.048055013020833336,0.0823025173611111,0.05746799045138889,0.11324055989583333,0.1337822808159722,0.1481662326388889,0.09851752387152778,0.08237711588541667,0.08879937065972222,0.14729139539930555
Pearlitol 100SD.jpg,Freeflowing,0.04107666015625,0.07709418402777778,0.057291666666666664,0.11907280815972222,0.1411810980902778,0.1499701605902778,0.1030612521701389,0.08066813151041667,0.0909152560763889,0.13966878255208334
Pearlitol 100SD.jpg,Freeflowing,0.04454210069444445,0.0781589084201389,0.057990180121527776,0.11568196614583333,0.1372612847222222,0.15107557508680555,0.10003662109375,0.0815090603298611,0.08936225043402778,0.1443820529513889
Pearlitol 100SD.jpg,Freeflowing,0.03752305772569445,0.07445610894097222,0.057718912760416664,0.12296549479166667,0.14350721571180555,0.1535373263888889,0.10400390625,0.0801120334201389,0.08980305989583333,0.13637288411458334
Benecel K100M.jpg,Freeflowing,0.04182264539930555,0.0771823459201389,0.056233723958333336,0.12127685546875,0.13871934678819445,0.1511298285590278,0.099365234375,0.08107503255208333,0.08948432074652778,0.1437106662326389
Benecel K100M.jpg,Freeflowing,0.03202989366319445,0.07187906901041667,0.055168999565972224,0.1282619900173611,0.1499565972222222,0.1534356011284722,0.1021389431423611,0.08054606119791667,0.09039984809027778,0.13618299696180555
Benecel K100M.jpg,Freeflowing,0.04237196180555555,0.07762993706597222,0.057942708333333336,0.1211276584201389,0.13543701171875,0.15030924479166666,0.0999755859375,0.08138020833333333,0.08860948350694445,0.14521620008680555
Benecel K100M.jpg,Freeflowing,0.032355414496527776,0.07126871744791667,0.05572509765625,0.12691243489583334,0.14958360460069445,0.15667724609375,0.10432942708333333,0.0795016818576389,0.08818901909722222,0.13545735677083334
Pearlitol 300DC.jpg,Freeflowing,0.014567057291666666,0.0533447265625,0.041998969184027776,0.1445244683159722,0.21376546223958334,0.17601182725694445,0.10657416449652778,0.073974609375,0.0917629665798611,0.08347574869791667
Pearlitol 300DC.jpg,Freeflowing,0.014411078559027778,0.05070665147569445,0.04139539930555555,0.1470947265625,0.2148776584201389,0.1783515082465278,0.1070285373263889,0.07166883680555555,0.09138997395833333,0.08307562934027778
Pearlitol 300DC.jpg,Freeflowing,0.01556396484375,0.05343967013888889,0.04305691189236111,0.14112684461805555,0.21248372395833334,0.18018934461805555,0.10622151692708333,0.07293701171875,0.09046088324652778,0.08452012803819445
Pearlitol 300DC.jpg,Freeflowing,0.014756944444444444,0.050652398003472224,0.042826334635416664,0.1448092990451389,0.2143283420138889,0.1799384223090278,0.10772705078125,0.0721706814236111,0.0901828342013889,0.0826076931423611
Lubritose mannitol.jpg,Freeflowing,0.014309353298611112,0.04930284288194445,0.040364583333333336,0.1498684353298611,0.22191026475694445,0.1761135525173611,0.1081882052951389,0.07563612196180555,0.09187147352430555,0.07243516710069445
Lubritose mannitol.jpg,Freeflowing,0.013380262586805556,0.04848904079861111,0.0411376953125,0.15140787760416666,0.2204522026909722,0.1784125434027778,0.1065945095486111,0.07737223307291667,0.09050835503472222,0.07224527994791667
Lubritose mannitol.jpg,Freeflowing,0.014031304253472222,0.048285590277777776,0.043084038628472224,0.1476711697048611,0.2205742730034722,0.1794365776909722,0.10799153645833333,0.0744357638888889,0.09203423394097222,0.07245551215277778
Lubritose mannitol.jpg,Freeflowing,0.012885199652777778,0.04741075303819445,0.041788736979166664,0.15057373046875,0.2207099066840278,0.18039957682291666,0.10877821180555555,0.07456461588541667,0.0910305447048611,0.07185872395833333
Microcel MC-102.jpg,Freeflowing,0.04122585720486111,0.0762600368923611,0.05381944444444445,0.11722819010416667,0.1399468315972222,0.16496446397569445,0.10944959852430555,0.08086480034722222,0.08192952473958333,0.1343112521701389
Microcel MC-102.jpg,Freeflowing,0.03333875868055555,0.07000732421875,0.052008734809027776,0.12280951605902778,0.15284559461805555,0.17119004991319445,0.11321343315972222,0.08097330729166667,0.08093939887152778,0.12267388237847222
Microcel MC-102.jpg,Freeflowing,0.035407172309027776,0.07117377387152778,0.05361599392361111,0.1212158203125,0.14900037977430555,0.16887071397569445,0.1137424045138889,0.081298828125,0.08133951822916667,0.12433539496527778
Microcel MC-102.jpg,Freeflowing,0.029717339409722224,0.06724717881944445,0.052998860677083336,0.1256035698784722,0.1575859917534722,0.17293294270833334,0.11693657769097222,0.07874213324652778,0.08110215928819445,0.11713324652777778
Mefenamic acid (35.5%) - multicomponent.jpg,Freeflowing,0.043436686197916664,0.0674709743923611,0.029914008246527776,0.09840901692708333,0.1182861328125,0.22096082899305555,0.07790120442708333,0.08677842881944445,0.11064995659722222,0.14619276258680555
Mefenamic acid (35.5%) - multicomponent.jpg,Freeflowing,0.03573269314236111,0.062418619791666664,0.024990505642361112,0.10057237413194445,0.124267578125,0.23347303602430555,0.0776028103298611,0.0863037109375,0.1158786349826389,0.1387600368923611
Mefenamic acid (35.5%) - multicomponent.jpg,Freeflowing,0.03239610460069445,0.05995008680555555,0.025994194878472224,0.10520426432291667,0.12969970703125,0.23801676432291666,0.07682969835069445,0.08525933159722222,0.11241997612847222,0.13422987196180555
Mefenamic acid (35.5%) - multicomponent.jpg,Freeflowing,0.034539116753472224,0.05967881944444445,0.024115668402777776,0.10162353515625,0.1285739474826389,0.2419704861111111,0.07666015625,0.0864529079861111,0.11671278211805555,0.1296725802951389
Methocel DC2.jpg,Freeflowing,0.03956434461805555,0.0756564670138889,0.04981825086805555,0.11712646484375,0.1508517795138889,0.1647677951388889,0.10797119140625,0.08256022135416667,0.08452012803819445,0.1271633572048611
Methocel DC2.jpg,Freeflowing,0.031819661458333336,0.07151963975694445,0.050516764322916664,0.1230740017361111,0.1592678493923611,0.16621229383680555,0.11204020182291667,0.08061387803819445,0.0867580837673611,0.11817762586805555
Methocel DC2.jpg,Freeflowing,0.04263644748263889,0.07700602213541667,0.0523681640625,0.1141018337673611,0.1443210177951389,0.1637301974826389,0.10694037543402778,0.08331298828125,0.08348931206597222,0.13209364149305555
Methocel DC2.jpg,Freeflowing,0.03706190321180555,0.07374403211805555,0.052449544270833336,0.1174655490451389,0.1524590386284722,0.16341145833333334,0.1090969509548611,0.08112250434027778,0.08593071831597222,0.12725830078125
Ibuprofen (20%) - multicomponent.jpg,Freeflowing,0.03788926866319445,0.061767578125,0.025885687934027776,0.10062662760416667,0.1301608615451389,0.2509765625,0.07845052083333333,0.08394368489583333,0.10761176215277778,0.12268744574652778
Ibuprofen (20%) - multicomponent.jpg,Freeflowing,0.032145182291666664,0.05775282118055555,0.023173014322916668,0.10306803385416667,0.13594563802083334,0.2549913194444444,0.07869466145833333,0.08433024088541667,0.11103651258680555,0.1188625759548611
Ibuprofen (20%) - multicomponent.jpg,Freeflowing,0.03575303819444445,0.059929741753472224,0.024576822916666668,0.10152180989583333,0.13416883680555555,0.2579210069444444,0.07939995659722222,0.08326551649305555,0.10614691840277778,0.11731635199652778
Ibuprofen (20%) - multicomponent.jpg,Freeflowing,0.031026204427083332,0.05567762586805555,0.0230712890625,0.10449896918402778,0.1376274956597222,0.2579210069444444,0.07891845703125,0.0842013888888889,0.11060248480902778,0.116455078125
Calcium Carbonate (5%) - binary.jpg,Freeflowing,0.035888671875,0.0632595486111111,0.0225830078125,0.09509955512152778,0.12219916449652778,0.22142198350694445,0.07758924696180555,0.09247504340277778,0.1298489040798611,0.13963487413194445
Calcium Carbonate (5%) - binary.jpg,Freeflowing,0.04263644748263889,0.0697360568576389,0.025370279947916668,0.08992513020833333,0.11399332682291667,0.20481363932291666,0.07798258463541667,0.09527587890625,0.1277194552951389,0.15254720052083334
Calcium Carbonate (5%) - binary.jpg,Freeflowing,0.04298231336805555,0.06751844618055555,0.025709364149305556,0.09212239583333333,0.11760796440972222,0.2095608181423611,0.0804104275173611,0.09405517578125,0.12183973524305555,0.148193359375
Calcium Carbonate (5%) - binary.jpg,Freeflowing,0.04501003689236111,0.06990559895833333,0.026326497395833332,0.0904880099826389,0.11500379774305555,0.20241292317708334,0.07969156901041667,0.09380425347222222,0.12485758463541667,0.1524997287326389
D-sorbitol.jpg,Freeflowing,0.020094129774305556,0.053670247395833336,0.046284993489583336,0.1445855034722222,0.20902506510416666,0.1700507269965278,0.1036648220486111,0.0737033420138889,0.08637152777777778,0.09254964192708333
D-sorbitol.jpg,Freeflowing,0.016818576388888888,0.049872504340277776,0.0452880859375,0.14973280164930555,0.2124362521701389,0.17085096571180555,0.10560438368055555,0.07426622178819445,0.08654106987847222,0.0885891384548611
D-sorbitol.jpg,Freeflowing,0.016710069444444444,0.05111355251736111,0.046223958333333336,0.14691162109375,0.21430799696180555,0.17017957899305555,0.10614013671875,0.07393391927083333,0.08528645833333333,0.08919270833333333
D-sorbitol.jpg,Freeflowing,0.017252604166666668,0.04939100477430555,0.046976725260416664,0.1486273871527778,0.2129855685763889,0.1708916558159722,0.10785590277777778,0.07280815972222222,0.0851169162326389,0.08809407552083333
Mefenamic acid (35.5%) + FastFlo316.jpg,Freeflowing,0.045613606770833336,0.06989203559027778,0.029588487413194444,0.0987277560763889,0.1155666775173611,0.2179294162326389,0.07819959852430555,0.0865139431423611,0.1097412109375,0.1482272677951389
Mefenamic acid (35.5%) + FastFlo316.jpg,Freeflowing,0.040106879340277776,0.06671142578125,0.026299370659722224,0.10003662109375,0.118896484375,0.2254096137152778,0.0760226779513889,0.08738878038194445,0.11785210503472222,0.14127604166666666
Mefenamic acid (35.5%) + FastFlo316.jpg,Freeflowing,0.04145643446180555,0.06744384765625,0.028618706597222224,0.1004638671875,0.12131754557291667,0.22306993272569445,0.07806396484375,0.08553059895833333,0.1100192599826389,0.1440158420138889
Mefenamic acid (35.5%) + FastFlo316.jpg,Freeflowing,0.03640407986111111,0.06385633680555555,0.023776584201388888,0.09954155815972222,0.1265869140625,0.23710801866319445,0.0747341579861111,0.0858154296875,0.11985270182291667,0.13232421875
HPMC.jpg,Freeflowing,0.061835394965277776,0.0924072265625,0.059305826822916664,0.1102023654513889,0.11798095703125,0.1346435546875,0.08886040581597222,0.0835842556423611,0.08619520399305555,0.1649848090277778
HPMC.jpg,Freeflowing,0.047600640190972224,0.08229573567708333,0.057373046875,0.12053765190972222,0.13724772135416666,0.1441379123263889,0.0950046115451389,0.08237711588541667,0.08623589409722222,0.1471896701388889
HPMC.jpg,Freeflowing,0.060953776041666664,0.09123399522569445,0.06109619140625,0.1079372829861111,0.12381998697916667,0.13741048177083334,0.08943684895833333,0.08379448784722222,0.08366563585069445,0.1606513129340278
HPMC.jpg,Freeflowing,0.04118516710069445,0.07757568359375,0.057183159722222224,0.12436930338541667,0.1468505859375,0.1495293511284722,0.09895155164930555,0.0814480251736111,0.08577473958333333,0.13713243272569445
Ibuprofen (5%) - multicomponent.jpg,Freeflowing,0.037712944878472224,0.06001112196180555,0.023295084635416668,0.09661187065972222,0.1199679904513889,0.2606947157118056,0.076416015625,0.0862698025173611,0.12413872612847222,0.11488172743055555
Ibuprofen (5%) - multicomponent.jpg,Freeflowing,0.041768391927083336,0.061747233072916664,0.023152669270833332,0.09490966796875,0.11536322699652778,0.2516343858506944,0.07659912109375,0.0888400607638889,0.12636311848958334,0.11962212456597222
Ibuprofen (5%) - multicomponent.jpg,Freeflowing,0.04273817274305555,0.06153700086805555,0.024210611979166668,0.0962795681423611,0.12181939019097222,0.2525363498263889,0.07799614800347222,0.08758544921875,0.1183132595486111,0.11698404947916667
Ibuprofen (5%) - multicomponent.jpg,Freeflowing,0.04018825954861111,0.061116536458333336,0.024183485243055556,0.09514024522569445,0.11963568793402778,0.2527804904513889,0.07600911458333333,0.08721923828125,0.12687174479166666,0.1168551974826389
ParacetamolGranularSpecial (40%) - multicomponent.jpg,Freeflowing,0.030449761284722224,0.058492024739583336,0.020392523871527776,0.09968397352430555,0.12220594618055555,0.2554999457465278,0.0743679470486111,0.08702256944444445,0.13520643446180555,0.11667887369791667
ParacetamolGranularSpecial (40%) - multicomponent.jpg,Freeflowing,0.038642035590277776,0.06361897786458333,0.023464626736111112,0.09547254774305555,0.11482747395833333,0.2383761935763889,0.0757717556423611,0.08915879991319445,0.1331719292534722,0.1274956597222222
ParacetamolGranularSpecial (40%) - multicomponent.jpg,Freeflowing,0.032694498697916664,0.059061686197916664,0.021402994791666668,0.09796820746527778,0.12348090277777778,0.2553236219618056,0.07618543836805555,0.08683268229166667,0.1337890625,0.11326090494791667
ParacetamolGranularSpecial (40%) - multicomponent.jpg,Freeflowing,0.03242323133680555,0.059393988715277776,0.020975748697916668,0.0979885525173611,0.12217881944444445,0.24928792317708334,0.0757107204861111,0.08850775824652778,0.13688829210069445,0.11664496527777778
FastFlo316.jpg,Freeflowing,0.025336371527777776,0.046210394965277776,0.015380859375,0.103515625,0.13616943359375,0.2928195529513889,0.07410346137152778,0.0867580837673611,0.1264987521701389,0.09320746527777778
FastFlo316.jpg,Freeflowing,0.029134114583333332,0.04861789279513889,0.01629638671875,0.1016506618923611,0.13026936848958334,0.2843424479166667,0.0738796657986111,0.08801947699652778,0.12760416666666666,0.1001858181423611
FastFlo316.jpg,Freeflowing,0.030897352430555556,0.052008734809027776,0.018141004774305556,0.1011962890625,0.1321478949652778,0.2780490451388889,0.07618543836805555,0.08806016710069445,0.12189398871527778,0.10142008463541667
FastFlo316.jpg,Freeflowing,0.03438991970486111,0.054572211371527776,0.019178602430555556,0.09889051649305555,0.12761094835069445,0.2702501085069444,0.07476128472222222,0.08794487847222222,0.12409803602430555,0.1083034939236111
Ibuprofen (5%) - binary.jpg,Freeflowing,0.03919813368055555,0.06248643663194445,0.021952311197916668,0.0899929470486111,0.11790635850694445,0.2545708550347222,0.07783338758680555,0.08835856119791667,0.12823486328125,0.11946614583333333
Ibuprofen (5%) - binary.jpg,Freeflowing,0.02960205078125,0.05364990234375,0.016913519965277776,0.09412977430555555,0.12334526909722222,0.2711859809027778,0.07463243272569445,0.0876803927951389,0.1405978732638889,0.10826280381944445
Ibuprofen (5%) - binary.jpg,Freeflowing,0.028713650173611112,0.05394151475694445,0.017618815104166668,0.0972561306423611,0.12470160590277778,0.2748548719618056,0.07560221354166667,0.08738199869791667,0.13422987196180555,0.10569932725694445
Ibuprofen (5%) - binary.jpg,Freeflowing,0.025404188368055556,0.05063205295138889,0.015496148003472222,0.0979342990451389,0.12708875868055555,0.2794731987847222,0.07417805989583333,0.08888753255208333,0.14211018880208334,0.09879557291666667
Lubritose MCC.jpg,Freeflowing,0.03325059678819445,0.0704684787326389,0.05000135633680555,0.1207275390625,0.15534803602430555,0.16680908203125,0.11305067274305555,0.08449300130208333,0.08593071831597222,0.11992051866319445
Lubritose MCC.jpg,Freeflowing,0.027553982204861112,0.06651475694444445,0.049296061197916664,0.12586805555555555,0.16093614366319445,0.1684231228298611,0.11341010199652778,0.08329942491319445,0.08945719401041667,0.11524115668402778
Lubritose MCC.jpg,Freeflowing,0.029507107204861112,0.06707763671875,0.050537109375,0.12154134114583333,0.1576605902777778,0.1714816623263889,0.11456976996527778,0.08275010850694445,0.08716498480902778,0.1177096896701389
Lubritose MCC.jpg,Freeflowing,0.027452256944444444,0.06479899088541667,0.04952663845486111,0.12685139973958334,0.16090901692708334,0.17362467447916666,0.11427137586805555,0.08275010850694445,0.08736165364583333,0.1124538845486111
Dimethyl fumarate.jpg,Freeflowing,0.015129937065972222,0.03994411892361111,0.009941948784722222,0.1042819552951389,0.1357760959201389,0.3091227213541667,0.06911214192708333,0.0851711697048611,0.15433756510416666,0.0771823459201389
Dimethyl fumarate.jpg,Freeflowing,0.015170627170138888,0.040412055121527776,0.008836534288194444,0.10080973307291667,0.1334160698784722,0.3094346788194444,0.06738959418402778,0.08565266927083333,0.16130235460069445,0.07757568359375
Dimethyl fumarate.jpg,Freeflowing,0.015096028645833334,0.039042154947916664,0.009365505642361112,0.10496012369791667,0.1374579535590278,0.3114081488715278,0.06955973307291667,0.0863037109375,0.1534762912326389,0.0733303493923611
Dimethyl fumarate.jpg,Freeflowing,0.014940049913194444,0.040289984809027776,0.009189181857638888,0.10209147135416667,0.13602701822916666,0.3078952365451389,0.06937662760416667,0.08768717447916667,0.15550401475694445,0.0769992404513889
Mefenamic acid (5%) + FastFlo316.jpg,Freeflowing,0.030809190538194444,0.056416829427083336,0.0179443359375,0.0928615993923611,0.1324801974826389,0.2767673068576389,0.0746731228298611,0.0860934787326389,0.13132731119791666,0.10062662760416667
Mefenamic acid (5%) + FastFlo316.jpg,Freeflowing,0.023647732204861112,0.04971652560763889,0.013861762152777778,0.09735107421875,0.13765462239583334,0.2872653537326389,0.07042778862847222,0.08533393012152778,0.1441107855902778,0.09063042534722222
Mefenamic acid (5%) + FastFlo316.jpg,Freeflowing,0.031100802951388888,0.055806477864583336,0.017734103732638888,0.09444173177083333,0.1333957248263889,0.2787272135416667,0.0776095920138889,0.08726671006944445,0.12809922960069445,0.09581841362847222
Mefenamic acid (5%) + FastFlo316.jpg,Freeflowing,0.021809895833333332,0.04918077256944445,0.012681749131944444,0.0966457790798611,0.14302571614583334,0.28936767578125,0.0720553927951389,0.08557807074652778,0.14198811848958334,0.08766682942708333
Paracetamol GrSp (40%) - binary.jpg,Freeflowing,0.027838812934027776,0.0538330078125,0.013712565104166666,0.09393310546875,0.1211208767361111,0.2751261393229167,0.0716824001736111,0.08079698350694445,0.16895887586805555,0.09299723307291667
Paracetamol GrSp (40%) - binary.jpg,Freeflowing,0.024888780381944444,0.05196804470486111,0.011942545572916666,0.09369574652777778,0.12162272135416667,0.27996826171875,0.06841362847222222,0.08017985026041667,0.1809760199652778,0.08634440104166667
Paracetamol GrSp (40%) - binary.jpg,Freeflowing,0.029317220052083332,0.05451795789930555,0.014858669704861112,0.0944552951388889,0.1216769748263889,0.2743259006076389,0.0721164279513889,0.08282470703125,0.1646457248263889,0.09126112196180555
Paracetamol GrSp (40%) - binary.jpg,Freeflowing,0.023844401041666668,0.05006239149305555,0.010972764756944444,0.09676106770833333,0.12394205729166667,0.2807413736979167,0.0690036349826389,0.08036973741319445,0.18150499131944445,0.0827975802951389
Ibuprofen (40%) - binary.jpg,Freeflowing,0.052985297309027776,0.08270941840277778,0.03895399305555555,0.1003146701388889,0.10643853081597222,0.1797146267361111,0.07666015625,0.08622233072916667,0.10027398003472222,0.1757269965277778
Ibuprofen (40%) - binary.jpg,Freeflowing,0.040947808159722224,0.07198079427083333,0.03177218967013889,0.10148111979166667,0.12089029947916667,0.2095269097222222,0.07820638020833333,0.08549669053819445,0.1085476345486111,0.1511501736111111
Ibuprofen (40%) - binary.jpg,Freeflowing,0.041890462239583336,0.07056342230902778,0.033406575520833336,0.10630967881944445,0.11985948350694445,0.2013888888888889,0.0779079861111111,0.08671061197916667,0.1034206814236111,0.1585422092013889
Ibuprofen (40%) - binary.jpg,Freeflowing,0.043538411458333336,0.07283528645833333,0.032491048177083336,0.10069444444444445,0.12159559461805555,0.20481363932291666,0.07861328125,0.0865817599826389,0.10689290364583333,0.1519436306423611
PVP.jpg,Freeflowing,0.021762424045138888,0.056925455729166664,0.04709201388888889,0.13836669921875,0.2061767578125,0.16676839192708334,0.1035427517361111,0.0800442165798611,0.08552381727430555,0.09379747178819445
PVP.jpg,Freeflowing,0.021491156684027776,0.05743408203125,0.045450846354166664,0.14204915364583334,0.20296223958333334,0.16765001085069445,0.10364447699652778,0.0800509982638889,0.08491346571180555,0.09435356987847222
PVP.jpg,Freeflowing,0.020758734809027776,0.05596923828125,0.04814317491319445,0.1394110785590278,0.20721435546875,0.16697184244791666,0.1051364474826389,0.07853868272569445,0.08521864149305555,0.09263780381944445
PVP.jpg,Freeflowing,0.020650227864583332,0.05596923828125,0.046013726128472224,0.14183213975694445,0.2056613498263889,0.1678466796875,0.10498046875,0.07817247178819445,0.0858425564236111,0.09303114149305555
Ibuprofen (20%) - binary.jpg,Freeflowing,0.038628472222222224,0.06614854600694445,0.027248806423611112,0.09722222222222222,0.11754692925347222,0.23796251085069445,0.07594807942708333,0.0875583224826389,0.11601426866319445,0.13572184244791666
Ibuprofen (20%) - binary.jpg,Freeflowing,0.03303358289930555,0.059258355034722224,0.025336371527777776,0.10194905598958333,0.11989339192708333,0.24420166015625,0.0743679470486111,0.08825005425347222,0.12025960286458333,0.1334499782986111
Ibuprofen (20%) - binary.jpg,Freeflowing,0.03973388671875,0.0633884006076389,0.028171115451388888,0.09973822699652778,0.11930338541666667,0.23537190755208334,0.07692464192708333,0.08637152777777778,0.11175537109375,0.13924153645833334
Ibuprofen (20%) - binary.jpg,Freeflowing,0.026760525173611112,0.05107286241319445,0.02081298828125,0.1088528103298611,0.12950303819444445,0.2606947157118056,0.07343207465277778,0.08649359809027778,0.1217922634548611,0.12058512369791667
Mefenamic acid (20%) - multicomponent.jpg,Freeflowing,0.028001573350694444,0.052300347222222224,0.014885796440972222,0.09739176432291667,0.1246337890625,0.2636040581597222,0.07185194227430555,0.08548990885416667,0.1543918185763889,0.1074490017361111
Mefenamic acid (20%) - multicomponent.jpg,Freeflowing,0.024468315972222224,0.05087619357638889,0.01275634765625,0.09868706597222222,0.12331136067708333,0.2693617078993056,0.0693630642361111,0.087158203125,0.15919325086805555,0.1048244900173611
Mefenamic acid (20%) - multicomponent.jpg,Freeflowing,0.025092230902777776,0.05246310763888889,0.014194064670138888,0.09853108723958333,0.1282416449652778,0.2654283311631944,0.07147894965277778,0.0848727756076389,0.15584309895833334,0.1038547092013889
Mefenamic acid (20%) - multicomponent.jpg,Freeflowing,0.021775987413194444,0.04952663845486111,0.011549207899305556,0.0995754665798611,0.12730577256944445,0.2708740234375,0.06911214192708333,0.08568657769097222,0.1616278754340278,0.10296630859375
Calcium Carbonate (5%) - multicomponent.jpg,Freeflowing,0.030802408854166668,0.05453830295138889,0.021837022569444444,0.10205756293402778,0.13447401258680555,0.24881998697916666,0.07752821180555555,0.08735487196180555,0.1197848849826389,0.122802734375
Calcium Carbonate (5%) - multicomponent.jpg,Freeflowing,0.028706868489583332,0.052469889322916664,0.020765516493055556,0.10197618272569445,0.13429768880208334,0.2522040473090278,0.07537163628472222,0.08881293402777778,0.12599690755208334,0.11939832899305555
Calcium Carbonate (5%) - multicomponent.jpg,Freeflowing,0.030409071180555556,0.053398980034722224,0.022128634982638888,0.10373942057291667,0.1359931098090278,0.2498847113715278,0.07698567708333333,0.08881971571180555,0.1194118923611111,0.1192287868923611
Calcium Carbonate (5%) - multicomponent.jpg,Freeflowing,0.028754340277777776,0.050496419270833336,0.020623101128472224,0.10258653428819445,0.13498942057291666,0.2548353407118056,0.07494439019097222,0.0882568359375,0.12626139322916666,0.1182522243923611
Pearlitol 200SD.jpg,Freeflowing,0.026835123697916668,0.06894938151041667,0.05265977647569445,0.12652587890625,0.16392008463541666,0.16792127821180555,0.1105075412326389,0.07836235894097222,0.08888753255208333,0.11543104383680555
Pearlitol 200SD.jpg,Freeflowing,0.022562662760416668,0.06557210286458333,0.05229356553819445,0.1317681206597222,0.1693793402777778,0.16947428385416666,0.1132473415798611,0.07847764756944445,0.08907063802083333,0.108154296875
Pearlitol 200SD.jpg,Freeflowing,0.029039171006944444,0.06989203559027778,0.05311414930555555,0.12318250868055555,0.1621161566840278,0.16889784071180555,0.11096869574652778,0.07936604817708333,0.08777533637152778,0.11564805772569445
Pearlitol 200SD.jpg,Freeflowing,0.02630615234375,0.06806776258680555,0.051432291666666664,0.12611219618055555,0.16871473524305555,0.1710205078125,0.11479356553819445,0.0779690212673611,0.08723958333333333,0.10834418402777778
Paracetamol Powder (5%) - binary.jpg,Freeflowing,0.027438693576388888,0.050191243489583336,0.019015842013888888,0.10663519965277778,0.1346367730034722,0.2725084092881944,0.0767822265625,0.08540174696180555,0.11971028645833333,0.10767957899305555
Paracetamol Powder (5%) - binary.jpg,Freeflowing,0.024380154079861112,0.04776340060763889,0.017645941840277776,0.1068115234375,0.13533528645833334,0.2760552300347222,0.0749172634548611,0.08658854166666667,0.12538655598958334,0.10511610243055555
Paracetamol Powder (5%) - binary.jpg,Freeflowing,0.030463324652777776,0.05320909288194445,0.020636664496527776,0.10359022352430555,0.13521321614583334,0.2673543294270833,0.07718912760416667,0.0852932400173611,0.11542426215277778,0.11162651909722222
Paracetamol Powder (5%) - binary.jpg,Freeflowing,0.024685329861111112,0.047342936197916664,0.018086751302083332,0.10838487413194445,0.13707139756944445,0.2756144205729167,0.07588704427083333,0.08610704210069445,0.12352837456597222,0.10329182942708333
Paracetamol GrSp (20%) - binary.jpg,Freeflowing,0.018419053819444444,0.043084038628472224,0.011793348524305556,0.10425482855902778,0.13067626953125,0.3009440104166667,0.0689358181423611,0.07853190104166667,0.16507975260416666,0.0782809787326389
Paracetamol GrSp (20%) - binary.jpg,Freeflowing,0.015862358940972224,0.04031711154513889,0.009901258680555556,0.10404459635416667,0.1314765082465278,0.3019070095486111,0.06648084852430555,0.07855224609375,0.17578125,0.07567681206597222
Paracetamol GrSp (20%) - binary.jpg,Freeflowing,0.018520779079861112,0.042670355902777776,0.012702094184027778,0.10493299696180555,0.13416883680555555,0.2970784505208333,0.06876627604166667,0.0798678927951389,0.160888671875,0.08040364583333333
Paracetamol GrSp (20%) - binary.jpg,Freeflowing,0.017137315538194444,0.04039171006944445,0.010762532552083334,0.10395643446180555,0.1338840060763889,0.2978108723958333,0.06816270616319445,0.07774522569444445,0.17286512586805555,0.07728407118055555
Ac-Di-Sol.jpg,Freeflowing,0.060302734375,0.09869384765625,0.06947157118055555,0.1099582248263889,0.09916856553819445,0.10996500651041667,0.07966444227430555,0.0848727756076389,0.09984673394097222,0.1880560980902778
Ac-Di-Sol.jpg,Freeflowing,0.052652994791666664,0.09166802300347222,0.07027180989583333,0.11640082465277778,0.10962592230902778,0.11433241102430555,0.08313666449652778,0.08423529730902778,0.09889729817708333,0.1787787543402778
Ac-Di-Sol.jpg,Freeflowing,0.053168402777777776,0.09136962890625,0.06855604383680555,0.11602783203125,0.1098361545138889,0.11739095052083333,0.08382161458333333,0.0843166775173611,0.0971340603298611,0.1783786349826389
Ac-Di-Sol.jpg,Freeflowing,0.050618489583333336,0.09111192491319445,0.0675048828125,0.11768934461805555,0.11256239149305555,0.11922200520833333,0.08556450737847222,0.08295355902777778,0.09828016493055555,0.1744927300347222
Lubritose PB.jpg,Freeflowing,0.042867024739583336,0.08000352647569445,0.06182861328125,0.1272040473090278,0.1428765190972222,0.1362236870659722,0.08754475911458333,0.08033582899305555,0.09075249565972222,0.1503634982638889
Lubritose PB.jpg,Freeflowing,0.03355577256944445,0.0713772243923611,0.060553656684027776,0.1406792534722222,0.1574367947048611,0.1368340386284722,0.09052191840277778,0.07822672526041667,0.09229871961805555,0.1385158962673611
Lubritose PB.jpg,Freeflowing,0.040283203125,0.07537841796875,0.058817545572916664,0.1314425998263889,0.1539984809027778,0.1420966254340278,0.08862982855902778,0.07851155598958333,0.09033203125,0.1405097113715278
Lubritose PB.jpg,Freeflowing,0.03300645616319445,0.06953260633680555,0.057868109809027776,0.1397433810763889,0.1632961697048611,0.14439561631944445,0.09327528211805555,0.07786729600694445,0.08997938368055555,0.1310356987847222
ParacetamolGranularSpecial (5%) - binary.jpg,Freeflowing,0.026889377170138888,0.049214680989583336,0.01580810546875,0.0981716579861111,0.1292995876736111,0.2938232421875,0.0731472439236111,0.0839572482638889,0.1385565863715278,0.09113226996527778
ParacetamolGranularSpecial (5%) - binary.jpg,Freeflowing,0.031094021267361112,0.05122205946180555,0.017923990885416668,0.09547254774305555,0.12422688802083333,0.2829318576388889,0.07210286458333333,0.08568657769097222,0.1397365993923611,0.09960259331597222
ParacetamolGranularSpecial (5%) - binary.jpg,Freeflowing,0.028272840711805556,0.048333062065972224,0.016696506076388888,0.09912109375,0.13032362196180555,0.2902764214409722,0.0736965603298611,0.08463541666666667,0.1358371310763889,0.0928073459201389
ParacetamolGranularSpecial (5%) - binary.jpg,Freeflowing,0.033162434895833336,0.05262586805555555,0.018317328559027776,0.09574381510416667,0.12468126085069445,0.2779812282986111,0.07436116536458333,0.0863308376736111,0.1351250542534722,0.10167100694444445
