ImageId,Feature_LBP_1,Feature_LBP_2,Feature_LBP_3,Feature_LBP_4,Feature_LBP_5,Feature_LBP_6,Feature_LBP_7,Feature_LBP_8,Feature_LBP_9,Feature_LBP_10,Classe
Foto_1,-0.5189907770502169,-0.10762665680289668,-1.7321971007818273,-0.7142298186687023,-0.5765635921135283,0.8048207339796798,-0.4757657613244501,0.24925214950438088,1.2014738194631882,1.8698270037943754,Freeflowing
Foto_2,-0.6569397283647194,-0.5565258316451109,-0.683425712716848,-0.26789651498729933,-0.514759471705216,1.1507529582324827,-0.3639930992392531,-0.3348391128003716,2.5978772900872453,-0.37025077686090985,Freeflowing
Foto_3,-1.0218862393503079,-0.704129344289363,-1.053477046271368,0.008713596616394096,-0.2906354236737546,1.746368744739957,-0.22922225194935242,-0.08308462603971477,2.003677072867982,-0.3763244826504729,Freeflowing
Foto_4,-1.077125320207626,-0.6794595797272749,-1.1778416312348527,-0.0666884483914508,-0.23846464234228518,1.697965310878136,-0.23894607786344774,-0.06755503232954357,1.9910632561619588,-0.14294783494361496,Freeflowing
Foto_5,-1.0499458232936927,-0.6152326803176205,-1.4390966920801704,-0.19420112675825377,-0.3284355889598911,1.7168329572392893,-0.2751290188740485,0.07117007928652201,1.778012894819651,0.3360249989382144,Freeflowing
Foto_6,-0.7239979382787567,-0.5496911756332852,-1.0011621349192683,-0.3877996588177506,-0.531849398513442,1.2207557677841385,-0.38039984342242394,-0.15240330907530486,2.4654047172780764,0.04114297359801594,Freeflowing
Foto_7,-0.7125476191301731,-0.5357180288339339,-0.8980206109887537,-0.36796401017815356,-0.5246976918419484,1.167104107293719,-0.3862592101517766,-0.1907742781501503,2.536290943114985,-0.08741360113381495,Freeflowing
Foto_8,-1.112114316022053,-0.593409822337889,-1.3994996260517902,-0.19166446645652518,-0.27396904491034746,1.7480007268191171,-0.2306508457241252,0.021708606106466726,1.7799324279335327,0.2516663606436121,Freeflowing
Foto_9,-0.6984286760884572,-0.5766834048000946,-0.7616285474574045,-0.2765541132591843,-0.4782104907593923,1.1547238964565587,-0.36594239627790826,-0.2729090452565386,2.58061842112224,-0.3049856436798198,Freeflowing
Foto_10,-0.6518128076043376,-0.5463342793230591,-0.6993944447628625,-0.2824862637086243,-0.5147311728150059,1.107595337912002,-0.37072213707910884,-0.3123195962522265,2.619032868523553,-0.3488275048903296,Freeflowing
Foto_11,-0.6664242687879315,-0.5537886478559866,-0.6729079158751905,-0.2586643906578314,-0.505516238885153,1.1439330452917715,-0.3609356414283916,-0.33793525833052385,2.6017597962109456,-0.3895204796817087,Freeflowing
Foto_12,-0.9894936735657174,-0.6847665919996545,-1.006651729960203,-0.0037061401812089364,-0.3288703733638147,1.697686731895976,-0.2587892452458938,-0.08896261595469698,2.0747064244041376,-0.4111527860289253,Freeflowing
Foto_13,-1.003051418204552,-0.6734827293360937,-1.1967530751000344,-0.10016129420139767,-0.3669690698234558,1.697638366720204,-0.2588863039972381,-0.03276966993053805,2.0021815109032848,-0.06774631703018001,Freeflowing
Foto_14,-0.37873675289005065,-0.017442976319175803,-1.6515836593937436,-0.8149862911537683,-0.7097329902719961,0.5762486875563774,-0.4825890114971902,0.323360556985198,1.1823746016192946,1.9730878353650532,Freeflowing
Foto_15,-0.9003312247872851,-0.6711320448167821,-0.8914396015620829,0.010708328977689655,-0.43528013955548017,1.5386602164394358,-0.2922465458033046,-0.1504923222993597,2.251205476191441,-0.4596521427842722,Freeflowing
Foto_16,-0.9502575867765407,-0.5803325513744881,-1.06784498798928,-0.2671768825758912,-0.439421301867306,1.457819731472367,-0.24455715045637466,-0.14571684240105595,2.2689615649877886,-0.031473993019218015,Freeflowing
Foto_17,-0.6677066795383358,-0.5515358439655272,-0.6994545968170207,-0.28698688053236965,-0.46849105069797037,1.0198329363264256,-0.371307715491192,-0.2940816723358057,2.660516301287919,-0.34078479823612196,Freeflowing
Foto_18,-0.6925833860609206,-0.47751926438558784,-1.1385875228502516,-0.500692152324012,-0.5977224575640521,1.1320596710139808,-0.42269319760361385,-0.056364352108950015,2.409526748640729,0.3445759132426794,Freeflowing
Foto_19,-0.8037919971173239,-0.5970439520087731,-0.9072353982102263,-0.2700628994595787,-0.46661229938995596,1.3317488003612998,-0.3128000792538295,-0.21053611331758665,2.4348675645310838,-0.1985336261351104,Freeflowing
Foto_20,-0.7888504859865745,-0.5749777024889524,-0.8724352570442205,-0.27103915449436233,-0.5002124276580124,1.3027732214151932,-0.32288710200893744,-0.21504871632784958,2.462937861419164,-0.22026023682544865,Freeflowing
Foto_21,-0.7629695963452798,-0.5605303748037572,-0.9409777941211156,-0.3344118533047226,-0.485959373032799,1.2259412553240878,-0.3737270084722742,-0.1858712288093461,2.487634494964978,-0.06912852139977145,Freeflowing
Foto_22,-0.666290379255189,-0.5414032126543674,-1.0361818831110947,-0.4462634753202692,-0.617983329396399,1.260787983154711,-0.40914423413613626,-0.1409837347404831,2.407321554309476,0.19014071114975084,Freeflowing
Foto_23,-0.9362620924958134,-0.5701902384873087,-1.2063554436046093,-0.31752888042653676,-0.4472434169309508,1.5325182876466965,-0.26051600904594047,-0.11490759652715143,2.1400745159381227,0.18041087393349103,Freeflowing
Foto_24,-0.7005792784506758,-0.5694433498014047,-0.7126770655623447,-0.2435687805149327,-0.4780718775233995,1.1561502928566758,-0.35607309610192894,-0.28910138010821795,2.5860883112498367,-0.39272377604360925,Freeflowing
Foto_25,-1.106026223236205,-0.7003199030437025,-1.068566253871268,0.024621266208143748,-0.25789621199790247,1.8123034165621725,-0.1743951349113023,-0.11209937087930337,1.9087587121295988,-0.3263802969602326,Freeflowing
Foto_26,-1.0736694285774757,-0.5862385527936282,-1.4217072723657858,-0.23731123660425274,-0.32295472207826553,1.7307099844959106,-0.2637412736644822,0.051513158770273945,1.7687031627699905,0.35469618004771414,Freeflowing
Foto_27,-0.7583603255945026,-0.565417479118603,-0.9336609745623385,-0.33023801572721195,-0.528488472470368,1.312878514896683,-0.3594672497342158,-0.20158453305188334,2.4384656669259814,-0.07412713156354216,Freeflowing
Foto_28,-0.6414972118359946,-0.4778194583267176,-1.5772257387474793,-0.5030811390053185,-0.5461306303392653,1.1771943196227959,-0.5190752208550832,0.1462486886150472,1.869872593378039,1.0715137974939748,Freeflowing
Foto_29,-0.8388605740607414,-0.6019213361514845,-0.8157297821156007,-0.20330876187174057,-0.4265027385989373,1.3202353641274451,-0.27215617140479065,-0.25653380407011434,2.4560056900829608,-0.36122788593699534,Freeflowing
Foto_30,-1.1593835487214288,-0.5660214390107525,-1.4935175771383062,-0.20714169591928633,-0.25756944960750205,1.766228728914259,-0.17330025909403812,0.029614601237588647,1.6309967422331286,0.4300938971063364,Freeflowing
Foto_31,-0.666763964826198,-0.5515928261094978,-0.7457400412071358,-0.30940690442555724,-0.48296610241477966,1.0614672455084482,-0.3784210370443584,-0.2814581177595632,2.634181444889742,-0.2792996966111002,Freeflowing
Foto_32,-1.0859354888160953,-0.6685310539287721,-1.1780798451749261,-0.09733103868583322,-0.26832056594964326,1.7661698259442566,-0.19982976086230606,-0.09125141104978665,1.930129783753888,-0.10702044523078258,Freeflowing
Foto_33,-0.9541710882306593,-0.5658289602041545,-1.4544371483521392,-0.33050171836343734,-0.41411854875140824,1.5968596997056286,-0.31393488925380814,0.04388253001952169,1.8524062999084914,0.5398438235219641,Freeflowing
Foto_34,-0.6526859402910529,-0.5499020964877018,-0.757119331117258,-0.32988665219807145,-0.5393791241005297,1.1359349608690883,-0.3770978256107894,-0.2827892406489986,2.593850124412914,-0.24092487482760042,Freeflowing
Foto_35,-0.8798065623348783,-0.5450839994523696,-1.1110066830887761,-0.3433110914146604,-0.4567065071907221,1.3098847969114076,-0.3095704436097796,-0.12418858890910049,2.3514355896609325,0.10835348942794605,Freeflowing
Foto_36,-0.7031023568474646,-0.5359214171053522,-0.8295531139728693,-0.3374989426778413,-0.5082300568160216,1.1231073524899264,-0.37519533990154535,-0.22854086303124446,2.58235812652465,-0.18742338866223843,Freeflowing
Foto_37,-0.8686214325196971,-0.600226751168097,-0.9359622018624245,-0.2272452997311107,-0.444836436069724,1.3661386120398378,-0.28460414087480534,-0.182103146831008,2.394202724538709,-0.21674192752168084,Freeflowing
Foto_38,-0.6859140804862794,-0.545915543047547,-0.7980461846832043,-0.3279515717344534,-0.550398404047316,1.175139605647558,-0.36326924690830936,-0.23932419818496603,2.5617975554409744,-0.2261179319964572,Freeflowing
Foto_39,-1.1033422715313745,-0.697075156429264,-1.20325877768278,-0.01536253788273875,-0.24280011044359523,1.6969203302975011,-0.20549394748616368,-0.017562901381568408,1.9591636527489371,-0.17118828020895446,Freeflowing
Foto_40,-0.6729567899624086,-0.5577224269472608,-0.68831476611662,-0.27384757738715876,-0.4673580769302231,1.0790910380817464,-0.3664413110394852,-0.3001543042835661,2.632822806302326,-0.3851185917173488,Freeflowing
Foto_41,-0.9605613166947493,-0.6731826993004503,-1.000811062154528,-0.062664821097682,-0.3517934274250149,1.6271397099348806,-0.289554690589289,-0.11075147351843838,2.1542668111548178,-0.3320870303095468,Freeflowing
Foto_42,-1.1220123735307235,-0.6954359551113148,-1.091512287051423,0.024332102416912586,-0.23292210889039053,1.7992842102875133,-0.15866841645889024,-0.11177134755478481,1.9065867429431023,-0.3178805670500019,Freeflowing
Foto_43,-0.6606107349527829,-0.5529337215054457,-0.6674466224089404,-0.2690322438435087,-0.46958303859174527,1.0467110872868464,-0.36996765793753184,-0.32004210748187073,2.6520131822497515,-0.389108142814773,Freeflowing
Foto_44,-1.1006312192521217,-0.60553364085263,-1.4493432979147411,-0.15699020318401521,-0.35005669417146756,1.7343510455826832,-0.2107748235379441,0.06271489694099616,1.73181403518863,0.3444499012006097,Freeflowing
Foto_45,-0.9685732758406954,-0.6180952899310095,-1.304555699011571,-0.2070505728878446,-0.4225737460121721,1.6637759700459036,-0.3111039922377546,-0.008270336570360156,1.960878821839815,0.2155681206056882,Freeflowing
Foto_46,-1.191300061076282,-0.6628553393292208,-1.2626251947528595,-0.005386644423932613,-0.23447871557616382,1.8411891298356415,-0.13920111163506405,-0.02337761097817387,1.7540021380727802,-0.07596659013672512,Freeflowing
Foto_47,-1.062828101993084,-0.6654762490522258,-1.3188821646559155,-0.12143019763098409,-0.29301395230999105,1.7234806228970807,-0.24631850174266184,0.02074863888416217,1.884051299612095,0.07966860599152349,Freeflowing
Foto_48,-0.7137395846115046,-0.5782002406209897,-0.8855558378366569,-0.2976909329717525,-0.539376375709537,1.2206388336096523,-0.36969405832171615,-0.19464248302060944,2.510912812156229,-0.15265213267311623,Freeflowing
Foto_49,-0.7022003076730716,-0.5679695746999551,-0.779730127579958,-0.28099352489536106,-0.534585465680348,1.3025241176655127,-0.3626891261703786,-0.27983636340421353,2.4943425954729386,-0.28886222303516446,Freeflowing
Foto_50,-0.6847538388270926,-0.5664528707370462,-0.6959681498098139,-0.24594385773980632,-0.4776395328649587,1.0885591492040274,-0.355984284257759,-0.2876470767068012,2.623818348293898,-0.3979878865546482,Freeflowing
Foto_51,-0.987175597898309,-0.6634327067245005,-1.1593949897784401,-0.1189644254210606,-0.34874426855726537,1.6464691261055184,-0.2823141490498543,-0.03636563983048261,2.0732295183235045,-0.12330686716911107,Freeflowing
Foto_52,-0.6462469047778103,-0.5346274861725373,-0.7806626702516736,-0.35615453219098414,-0.552758259459214,1.1879140918486273,-0.394955568182341,-0.2714064551017953,2.5628409090705127,-0.21394312478278435,Freeflowing
Foto_53,-0.6838734172853671,-0.5623235375931502,-0.7397972632782884,-0.2770356136877406,-0.4911378232980671,1.0961509867992638,-0.3573784489641208,-0.2727295865596308,2.615360962934452,-0.3272362590673513,Freeflowing
Foto_54,-0.6974604945794718,-0.5666952258143612,-0.693393983786102,-0.24406903817170314,-0.46949091962103795,1.140259425282101,-0.3627817568745369,-0.30266598888098467,2.5975401124868425,-0.40124213004074594,Freeflowing
Foto_55,-1.015716759649501,-0.6927122817758936,-1.0853561179305493,-0.04466758352107192,-0.3209348063242073,1.6674766879807048,-0.25706338514804483,-0.06375266952988538,2.0708081723002962,-0.25808125640184837,Freeflowing
Foto_56,-0.806658676479226,-0.5530438796145606,-0.9256903233657224,-0.3093053927701989,-0.48390970947243434,1.3326680000083582,-0.3346595020760533,-0.19241115626123084,2.4304124883845066,-0.1574018483534377,Freeflowing
Foto_57,-0.9274158050804242,-0.6714157997752733,-1.1013622740248987,-0.05785916386203593,-0.4454610936514407,1.5315547331801018,-0.31333205865523384,-0.0458234738391102,2.191497094145199,-0.16038215843688516,Freeflowing
Foto_58,-0.7115121703865646,-0.5667824070391221,-0.7110009384425608,-0.2596853782761104,-0.4555383360239209,1.1565293530028895,-0.34557234486872895,-0.3011974121292093,2.58664959315879,-0.39188995899546253,Freeflowing
Foto_59,-0.9070893091446611,-0.5361879691845918,-1.1492797136168196,-0.3567391022308353,-0.46810028779404333,1.4084970819685694,-0.30731248907325187,-0.10536946960084005,2.2598452759481686,0.16173598272830433,Freeflowing
Foto_60,-0.9649535198383883,-0.6428923724055361,-1.201019282354615,-0.13465667192942413,-0.4558251337057025,1.6092543518354077,-0.2854213605952497,0.012537274110105318,2.0774183850608656,-0.014441670177463412,Freeflowing
Foto_61,-0.9444852288499171,-0.693756327102248,-0.9350366793028996,-0.010242775450969795,-0.34470773586532366,1.5975854057998533,-0.2733643400103069,-0.11999657924712315,2.185997252227889,-0.4619929921989548,Freeflowing
Foto_62,-0.8545447357304252,-0.5837686082183858,-0.9851994982109529,-0.3139313173229729,-0.4733770693800479,1.4159533851961554,-0.2768472709662245,-0.1993932500945345,2.347044599735532,-0.07593623500814373,Freeflowing
Foto_63,-0.8103208752053355,-0.5923377140229309,-0.8845165517388017,-0.23884068679783763,-0.4807773082999494,1.3096604471847906,-0.2966225715801954,-0.21742269024456198,2.452220487615613,-0.24104253691079125,Freeflowing
Foto_64,-0.6524879473459487,-0.5473098407842221,-0.6685068655363804,-0.2801680015006758,-0.46381003069577437,1.0247503401917353,-0.37800810062786333,-0.31460387952681335,2.6636679222379374,-0.383523596411994,Freeflowing
Foto_65,-0.65153882016658,-0.5433309978164306,-0.6480058732669101,-0.2645452520796496,-0.4990785731885127,1.0810545747844102,-0.36804247856357236,-0.33579301455632815,2.637725331808243,-0.40844489695467046,Freeflowing
Foto_66,-0.8913526599136281,-0.6136794633873053,-0.9631092202662942,-0.21097476284710864,-0.4418079105926505,1.452445563743213,-0.26335181419941966,-0.1853100076844763,2.324897590554564,-0.20775731540689524,Freeflowing
Foto_67,-0.7504859102089979,-0.5449645560577668,-0.9449083457934025,-0.35253227138879295,-0.5285075388724728,1.251376277916568,-0.3749597413203799,-0.16423337708263724,2.4710326120118062,-0.06181714920392319,Freeflowing
Foto_68,-0.45690727034146084,-0.060296539199449724,-1.6908276492865093,-0.759670536042581,-0.6374675985873858,0.7129846234099969,-0.5050201035012157,0.32899665077757945,1.1059365839695177,1.962271838801507,Freeflowing
Foto_69,-0.8240195340079307,-0.5408148517907315,-0.9076400632265887,-0.3141921664369061,-0.5024304502727397,1.3132033136608339,-0.29341596446363605,-0.22534074948738939,2.44336976142666,-0.14871929540157075,Freeflowing
Foto_70,-0.7944285253050274,-0.5497007042726016,-1.1185556664635958,-0.3644040787577178,-0.5320984712053043,1.2939912560343267,-0.37102857507336745,-0.07955073718478624,2.357128279034431,0.15864722319364205,Freeflowing
Foto_71,-0.8877833073489572,-0.6644899461073196,-1.0912955545773122,-0.06673750518193003,-0.4884466694301601,1.4907012968245394,-0.3491150672317998,-0.04479688090518889,2.2302039914433633,-0.12824035748523616,Freeflowing
Foto_72,-0.6676435830586457,-0.5454475148604896,-0.7208717224260757,-0.3014276032149988,-0.49275112513708985,1.0393259492429237,-0.3710336316185611,-0.2778710939844578,2.6480281473276985,-0.3103078222703043,Freeflowing
Foto_73,-0.6621216451522687,-0.549284351862121,-0.8077142026367891,-0.3411812808403023,-0.5443251436383001,1.2147243807888475,-0.38299781438190333,-0.2603645542298872,2.5418942161933678,-0.20862960424064422,Freeflowing
Foto_74,-0.7603668197916021,-0.5668135005931045,-0.8398031169601546,-0.274320012888735,-0.5258682872558181,1.3186037835847197,-0.33121706801515344,-0.24848707072009993,2.4651989217395833,-0.23692682909963578,Freeflowing
Foto_75,-0.6848706677020294,-0.5553887482411153,-0.7915306598059056,-0.31700011843910353,-0.49070691267479566,1.1430711149340809,-0.3822140714826599,-0.25397375946863127,2.583513125813647,-0.2508993029334862,Freeflowing
Foto_76,-0.8108476174238269,-0.534093490986931,-1.0819755709128287,-0.3947787322771674,-0.5310571436817183,1.3213826254956071,-0.32413900526471673,-0.13034860372613521,2.3589203605533213,0.12693717822439626,Freeflowing
Foto_77,-0.742144041004846,-0.5798950997740383,-0.8575752073918613,-0.2985275162191516,-0.5043018430642303,1.2756296221995524,-0.3357973622973322,-0.2245804541241042,2.4888750532781367,-0.22168315160212548,Freeflowing
Foto_78,-0.6632566399825475,-0.5578725765513389,-0.7300829710964493,-0.2853696485646506,-0.524936741930916,1.1762176790836862,-0.36869041537412656,-0.29433286281722953,2.5776613087295113,-0.32933713149593996,Freeflowing
Foto_79,-0.5958033872030861,-0.1736208574874329,-1.6625315751496765,-0.7305533936535922,-0.6559199933761889,0.9803788808979518,-0.47625331810884763,0.2758874023069039,1.4606285870308067,1.5777876547431602,Freeflowing
Foto_80,-0.8048283540280324,-0.5664957850684791,-0.9799536916513536,-0.30945824012779677,-0.5243316517110173,1.327928594820292,-0.3042364343330648,-0.1629359282756188,2.4104790797281384,-0.08616758935306805,Freeflowing
Foto_81,-0.7576810869257755,-0.5850080582361331,-0.8639971148837522,-0.2610568671641808,-0.49034400362091923,1.308668016215356,-0.343608135931551,-0.2214269917272137,2.4668215021996795,-0.2523672599255104,Freeflowing
Foto_82,-0.676991170142581,-0.5480467047862159,-0.7341543679824586,-0.2864487116182263,-0.47855632878621196,1.0561773521495097,-0.3697935267893456,-0.26670340854758157,2.637601583992612,-0.3330847174895005,Freeflowing
Foto_83,-0.6613574897905636,-0.5381836480136912,-0.7591720112016094,-0.31425179228331107,-0.5489387169188409,1.1345692004919872,-0.37436696690051624,-0.2717409672950615,2.593749022791719,-0.26030663088011285,Freeflowing
Foto_84,-0.8008909398984516,-0.5801992547130038,-1.011158811171081,-0.3171608255067323,-0.506825377092307,1.3112343541863345,-0.31227466273509885,-0.15396298893417257,2.408340768510449,-0.03710226264593728,Freeflowing
Foto_85,-0.9204509210201987,-0.6793576387939623,-0.9124699020223647,0.01665372630881373,-0.42316692896348995,1.5852565018414437,-0.27392187370399357,-0.15094767264570091,2.2063127968562286,-0.44790808785677544,Freeflowing
Foto_86,-0.6534196197264307,-0.5452908760241514,-0.6528250031155467,-0.27272776954281347,-0.47027770357417753,1.0276072789817636,-0.3770601148832954,-0.3222181674640767,2.6634890550020773,-0.3972770796533493,Freeflowing
Foto_87,-0.9824892650010675,-0.6962675441704443,-0.994956272804942,-0.007391154626582962,-0.3186210994447403,1.6519082173653097,-0.25324351685418317,-0.11202497012338827,2.118604717832976,-0.4055191121729383,Freeflowing
Foto_88,-0.6597072170645362,-0.5573235059141696,-0.7058405888872309,-0.29109550602070144,-0.5213071015964517,1.194783511435261,-0.37026077674714597,-0.3223063507735553,2.5721580524003467,-0.339100516831817,Freeflowing
Foto_89,-0.9927319645897302,-0.6794822078987074,-1.0785118490625776,-0.04072842530625481,-0.39099628690371474,1.6826132814989354,-0.24837020914925828,-0.08259717844181114,2.0685376625350096,-0.23773282268189128,Freeflowing
Foto_90,-0.688892862175032,-0.5513411038096706,-0.8003488082263975,-0.3264171514117015,-0.5000640520431507,1.105255205936282,-0.3655608698826954,-0.25386103773493734,2.599423375484839,-0.21819269613753647,Freeflowing
Foto_91,-0.6632461330607833,-0.5584757523477456,-0.6654932189741997,-0.2633584690523972,-0.5069800334986208,1.1853565450430739,-0.36536680666352733,-0.3448153334137402,2.581171411593535,-0.3987922096255956,Freeflowing
Foto_92,-0.9283187418302834,-0.6878044541781907,-0.9700406080556463,0.014248955697035636,-0.4300383913913889,1.5961428974424177,-0.2846615080386534,-0.09352050152522562,2.178516628768073,-0.39452427688813874,Freeflowing
Foto_93,-1.032669285774976,-0.661795162346922,-1.2115494569090595,-0.12126149516283007,-0.33015993098321744,1.7020663431380196,-0.278319514835539,-0.013585057670320443,1.9819636097693574,-0.03469004922451359,Freeflowing
Foto_94,-0.9537606740081462,-0.6128007858057224,-1.3178958861765835,-0.21158505529166347,-0.39992695640082726,1.5636447605049748,-0.32791387656497045,0.013837364163122147,2.0444479450291486,0.20195316455066634,Freeflowing
Foto_95,-0.7265868141804877,-0.5116803306994913,-1.103441015832525,-0.4226090857054188,-0.5812061614315417,1.2331667224916034,-0.4084619287157646,-0.095269933517171,2.3937920360507303,0.2222965115400656,Freeflowing
Foto_96,-0.6753756696069011,-0.525441375824057,-0.8890879838794628,-0.3660662566397744,-0.5864221147133482,1.205166818319621,-0.3783043636416391,-0.21123672005618435,2.520029034599955,-0.09326136855820952,Freeflowing
Foto_97,-0.7391280461235751,-0.5706113685492731,-0.8203461355730454,-0.2832767831860211,-0.48529824937966143,1.2164347829584756,-0.3574216394825199,-0.24120965969729627,2.5319320576014617,-0.25107495856854584,Freeflowing
Foto_98,-1.1116842521241808,-0.6856061484071828,-1.1768123870624823,-0.03924727433927305,-0.24334067394243838,1.7322758611772566,-0.17612995329390058,-0.05486666716604585,1.943752973753078,-0.18834147859483222,Freeflowing
Foto_99,-0.9701996268528643,-0.6528290713742465,-1.0558181894885312,-0.12689834730059144,-0.326813534813969,1.5912085178611561,-0.2854173754037146,-0.08550218789033699,2.1697572517876047,-0.2574874365245068,Freeflowing
Foto_100,-0.816604245119557,-0.5898663636469438,-0.8305191178455475,-0.22708575329076294,-0.4296589673954729,1.3090168037105459,-0.2875284816942842,-0.2639228940341218,2.466622398571407,-0.33045337925526386,Freeflowing
Foto_101,-0.931272275986892,-0.6798729838572254,-0.9686693426328774,0.005716205624215308,-0.42932685674609844,1.6150698189294,-0.26942951285480327,-0.1187747899976868,2.1678496538581773,-0.3912899163362083,Freeflowing
Foto_102,-0.8437554607767568,-0.6029576694591892,-0.847136197979361,-0.23879486399376051,-0.43647230910452656,1.3891895677961625,-0.26781817394064605,-0.2682646864013674,2.408386153139764,-0.2923763592803186,Freeflowing
Foto_103,-0.9045586959563344,-0.6480724178226732,-1.0342436691913117,-0.07149895436043296,-0.4670421278220254,1.4827982789017664,-0.31941432938344405,-0.06885559171883053,2.2606678126169397,-0.22978030526365417,Freeflowing
Foto_104,-0.9706095696878366,-0.6908287413829998,-1.0148337300996577,-0.02845927835828062,-0.337493739543476,1.655419547961249,-0.2661545930415055,-0.10231897286299727,2.117367254646385,-0.36208817763087897,Freeflowing
Foto_105,-0.9673196810835921,-0.6834537470321046,-1.0014526092002483,-0.05270724240607179,-0.32877136431660947,1.6918979801894345,-0.25105331260483843,-0.12719954486725757,2.0974421766699693,-0.3773826553486824,Freeflowing
Foto_106,-0.6509640927244567,-0.550812901516276,-0.6610351622314246,-0.27101434544537706,-0.4790099059573385,1.0496478942993681,-0.3660367512564906,-0.3169402874100222,2.651833827021299,-0.40566827477928086,Freeflowing
Foto_107,-0.9745667714126574,-0.6742878415002358,-0.9759502097415458,-0.04715340325200892,-0.33134076102314886,1.6567329301331946,-0.2554700905651606,-0.11952907161596305,2.1305969640493054,-0.40903174507177986,Freeflowing
Foto_108,-0.8049047587073005,-0.5967040218918451,-0.7970336108970516,-0.20663834356590235,-0.44803993693436245,1.266213201950368,-0.2861783635431542,-0.2638077329245521,2.496657067535966,-0.35956350102216633,Freeflowing
Foto_109,-0.9919512418862302,-0.6789669169462146,-1.251999093308915,-0.07967248232102551,-0.3599062263689959,1.5971984550509168,-0.2978037097718161,0.02475861524040125,2.052101963856461,-0.013759363544582442,Freeflowing
Foto_110,-0.7115287373565473,-0.5699812001479401,-0.7688992328258045,-0.2713517882478475,-0.48804738403788656,1.1945400798566632,-0.3670814419780744,-0.25598569268716675,2.5567949238876775,-0.3184595264630734,Freeflowing
Foto_111,-0.8100349806007294,-0.604850768728482,-0.8612008405409537,-0.21231878979775465,-0.44536430962727436,1.2763733870126603,-0.3059275768130757,-0.22579376817895871,2.4771436827599564,-0.2880260354853891,Freeflowing
Foto_112,-1.042727061657388,-0.5629372257190248,-1.5040426964930091,-0.2740924172367388,-0.31077112307575944,1.6447972301502496,-0.32115443318459963,0.1292384988092543,1.7627893904779808,0.47889983792903373,Freeflowing
Foto_113,-0.7035656568152744,-0.5782339871954902,-0.7620165512882873,-0.2678357319233302,-0.47707541911039064,1.18193626289011,-0.3629091543565116,-0.2714086614804198,2.5657207149460515,-0.3246118156664573,Freeflowing
Foto_114,-0.9503145734089897,-0.5961513260568547,-1.276742797413879,-0.210027797894417,-0.5143546751694696,1.5931820794163616,-0.3036335016913716,0.047171207677307876,2.03445063446844,0.17642075007287122,Freeflowing
Foto_115,-1.1122422133532874,-0.7063359264687472,-1.1644090976349972,0.005935596020745783,-0.21950645159950527,1.8438505067302409,-0.16503537631595333,-0.07434241848344013,1.8352789162033873,-0.24319353509844424,Freeflowing
Foto_116,-0.7386954888575105,-0.5545461943259125,-0.8353078939927528,-0.31317609488743203,-0.49339910246816415,1.1884033850593168,-0.34986435000208116,-0.23040224211999583,2.544130959585374,-0.21714297799084198,Freeflowing
Foto_117,-0.7977585041753983,-0.5421503832016626,-1.0747187705670298,-0.38280338062017605,-0.5458561274477437,1.3408970858426823,-0.34962814641716444,-0.10531372219339007,2.351065320923214,0.10626662785666792,Freeflowing
Foto_118,-0.9914102068746686,-0.6686101184653946,-1.0983725206525263,-0.09657914283064117,-0.3322440780647825,1.6076870566965553,-0.2595444891881249,-0.06805585915654593,2.130150130824497,-0.22302077228836878,Freeflowing
Foto_119,-0.8136309107853945,-0.5974647734204962,-0.8439370008932923,-0.2386588372179976,-0.44937377207954815,1.312402960788137,-0.28428021054958674,-0.25280600561954303,2.461049202564991,-0.29330065278726947,Freeflowing
Foto_120,-1.0893107945612173,-0.6629839155293967,-1.2501164826396105,-0.09824595101423966,-0.28828903692506824,1.7034827707306475,-0.2047239920564769,-0.028262817904687428,1.942462210460304,-0.024011990560255273,Freeflowing
Foto_121,-1.0728121133720174,-0.5034112594761498,-1.5634966030057922,-0.3492823199629647,-0.3495696059639212,1.5756775294463492,-0.2544779396473055,0.13982209666554932,1.6954757918452272,0.6820744234710234,Freeflowing
Foto_122,-0.7912391894418279,-0.5685880865910156,-0.9992730091529968,-0.3345500394159505,-0.5006702129974235,1.2670519452548188,-0.33293487000825517,-0.15122831164252146,2.4391803844193785,-0.027748610424207263,Freeflowing
Foto_123,-0.8580616452032336,-0.6123196821207576,-0.8815754165300747,-0.2085019454124594,-0.4375800873585467,1.4117747342522173,-0.27515722995801445,-0.22760276805891302,2.3813061458239266,-0.29228210543414523,Freeflowing
Foto_124,-0.6684311120751878,-0.5467851737724504,-0.7146555240107492,-0.2861003828454592,-0.4994116804102422,1.1040792195013245,-0.36993109601673163,-0.3123725627365184,2.617941768134446,-0.3243334557684321,Freeflowing
Foto_125,-0.700510951114485,-0.5655872452966254,-0.7516716128000674,-0.2777388601048679,-0.46354457476688526,1.0915612026563095,-0.3591054898008923,-0.266927129857588,2.614844825588799,-0.32132016450369744,Freeflowing
Foto_126,-0.7060994583399884,-0.5590217965773263,-0.828030767079491,-0.30318774151298833,-0.5086657495914019,1.168095603630473,-0.38426414420730687,-0.22407490794642293,2.5583025460796165,-0.21305358445516392,Freeflowing
Foto_127,-0.7107499691611195,-0.5582056290089914,-0.8533529215864581,-0.32395756588371233,-0.510473800519439,1.1784428839529568,-0.3583903194010032,-0.2340900543137276,2.5468650289948136,-0.17608765307331978,Freeflowing
Foto_128,-0.9068874776519822,-0.5155929350108909,-1.178360259269155,-0.39156149772135035,-0.5253470629434291,1.3902609879762353,-0.26958356104918646,-0.08815678150397308,2.2407182686627114,0.24451031851101934,Freeflowing
Foto_129,-0.7001240613717754,-0.5646351385408838,-0.7091431444921563,-0.2662453604738978,-0.4631451189334508,1.1356140366698109,-0.35729756478471014,-0.29836951046446825,2.599086945467358,-0.3757410830758263,Freeflowing
Foto_130,-0.7419524853825774,-0.580952497749189,-1.3667320984094182,-0.3161389587678162,-0.5830880908054904,1.3919795540972484,-0.43893555950514634,0.07419999430060525,2.113691363068436,0.4479287791533489,Freeflowing
Foto_131,-0.6634365822744046,-0.5601255369642401,-0.7086096430943135,-0.2803077749136856,-0.5212307659531997,1.2137720705773358,-0.3803010247963992,-0.3129242561158571,2.560694928109264,-0.34753141457449915,Freeflowing
Foto_132,-1.0158992901631907,-0.6273136292469347,-1.424636653651425,-0.21021140808731337,-0.358370781085064,1.6613621257516797,-0.3218695839735566,0.08737474058567078,1.832714967747368,0.3768495121227644,Freeflowing
Foto_133,-0.43730826513725546,-0.14550859519179699,-1.5697844143613335,-0.8637596263536347,-0.6907990398664104,0.819060481382101,-0.4827898896706537,0.15672413557852702,1.5516569711781294,1.6625082424423259,Cohesive
Foto_134,0.114654920142557,0.502144465635026,-1.1984360633637514,-1.014400396610669,-0.8775982184729213,-0.182041363900435,-0.34316004173274406,0.2930925438004888,0.212270796614249,2.4934733578881985,Cohesive
Foto_135,-0.7480783500899706,-0.5288789495350443,-1.1431894603120085,-0.44092309470148844,-0.5392324974694874,1.3065585861956797,-0.3813655427738341,-0.1263724479312613,2.3293905169002467,0.27209123971716764,Cohesive
Foto_136,-0.667726347327329,-0.5598089195515237,-0.6671705494160374,-0.2676444841825191,-0.4769487142764525,1.1437116785575423,-0.3773682551700226,-0.32947700181372097,2.603236993609551,-0.40080440042948934,Cohesive
Foto_137,-0.702888627690506,-0.574163656170633,-0.7015812646985073,-0.2439539343069592,-0.4422205603627634,1.1224918082916915,-0.3577447978028468,-0.29378457757890997,2.6049408748342278,-0.4110952645147941,Cohesive
Foto_138,-0.09862536552358679,0.18926444791248417,-1.5070360397350626,-0.8946380840794106,-0.7751925830474853,0.16398036375244163,-0.5363015809836343,0.39345522412910394,0.7857944610952824,2.279299156479867,Cohesive
Foto_139,-0.9588125041027503,-0.6221679257367302,-1.2224412598910426,-0.17178520928022942,-0.4010894198233586,1.6185749465547445,-0.3245192804303032,-0.010317673955350834,2.0695669744653014,0.02299135219971856,Cohesive
Foto_140,-0.7857702464499914,-0.522851181104312,-0.9917347645850373,-0.39442922428270616,-0.5143290932994617,1.1657034837537537,-0.3378121854999876,-0.13437898057430334,2.492786622315,0.02281556972704468,Cohesive
Foto_141,0.10185944382872396,0.22042423498247124,-1.437490155604383,-0.981829389601746,-0.8156062020038451,0.08973727330460102,-0.5288255376865878,0.298969257693567,0.7489840812603116,2.3037769938268893,Cohesive
Foto_142,-1.0206128256064755,-0.43065545134531125,-1.5235615610631217,-0.4084182520625101,-0.4902033876797927,1.5365158489674648,-0.31857399724206464,0.140049582597186,1.7042649227518178,0.8111951206828059,Cohesive
Foto_143,0.30428352184080687,0.23185689265905407,-1.3699328831053206,-1.0687664566976527,-0.8456802149141949,0.09571316565284806,-0.565294424727452,0.21902179381671827,0.709964324536067,2.2888342809391276,Cohesive
Foto_144,-0.7131809584608308,-0.5804725413544651,-0.709113844656209,-0.23120286697236916,-0.4721668070758308,1.2147816187745544,-0.351408674975638,-0.2968290119432432,2.5528620604951517,-0.4132689738311214,Cohesive
Foto_145,-0.6745220991469587,-0.5371320501722414,-0.6879809204048607,-0.2953235626650278,-0.4572797128948748,1.0246415764649763,-0.35526284841583305,-0.3012274322131038,2.6605137692098255,-0.37642671976190206,Cohesive
Foto_146,-0.76414998603018,-0.19698603693307407,-1.5550885275896698,-0.7174632005524166,-0.6092786493763577,1.1348752605067096,-0.36328758658317617,0.05850337187110081,1.7419644606330755,1.2709108940539864,Cohesive
Foto_147,0.8012080065364708,0.31902714475754135,-0.9940803512480428,-1.0352394335293098,-1.0199707417152915,-0.5808298880208052,-0.6615990548630765,0.2904813296269851,0.6833735371021981,2.1976294513533294,Cohesive
Foto_148,0.5053940180795026,0.25357956957154837,-1.2719690141818398,-1.1175209211173232,-0.8731085931986361,-0.03481843646412996,-0.5505469536740324,0.1644694255546015,0.6127247666238762,2.3117961388064314,Cohesive
Foto_149,-0.8604495512127968,-0.530322799839211,-1.0746950755736135,-0.3364687782163001,-0.5347244898575255,1.336532750377349,-0.29658407682585863,-0.1118927568737248,2.3525146709311597,0.056090107090521577,Cohesive
Foto_150,-0.6647914894815464,-0.5595253866396895,-0.6752700330521058,-0.2554072895253384,-0.48723304934555584,1.1303560643243125,-0.36985413466984135,-0.3253443578517776,2.608599775191193,-0.4015300989496513,Cohesive
Foto_151,-0.5529597203986175,-0.2210611251387434,-1.4387533733577094,-0.8269843201838506,-0.7426578166766081,1.0583049263385527,-0.4164589330922667,0.038348829324610756,1.8925088813114113,1.2097126518732204,Cohesive
Foto_152,0.27698217072034237,0.414684945433556,-1.2281879879597795,-1.0561014509856537,-0.8199437082375357,-0.1721871723758653,-0.43014925216748867,0.26909906425076746,0.2778207990681693,2.4679825922534864,Cohesive
Foto_153,-0.0672650720520826,0.25665629705014753,-1.4763584676215216,-0.9957924101788255,-0.7656097742577113,0.2697690877030827,-0.4434604038923642,0.2545298985658879,0.6367500261115722,2.330780818571813,Cohesive
Foto_154,-0.891795416732036,-0.42752517263887047,-1.3323757759352564,-0.530910920283577,-0.5189372284642023,1.312393873028085,-0.32362442749655623,-0.02569837513061466,2.1169487136654097,0.6215247299876173,Cohesive
Foto_155,-0.8677987586600772,-0.4938397349619509,-1.2745285855536264,-0.4595582209809231,-0.531375087558127,1.3903652402529092,-0.32057282870529874,-0.03353777944042256,2.1590846130817174,0.43176114252579795,Cohesive
Foto_156,-0.7010608116540896,-0.5492040125360802,-0.8559300991225016,-0.3509275065641434,-0.5273634719956631,1.2217283436345399,-0.3800938710475844,-0.22857940015121156,2.5220963263434464,-0.15066549690671424,Cohesive
Foto_157,-0.6189476851289106,0.005945957692298666,-1.6469924084247727,-0.8066051396852192,-0.6287944940460934,0.8450076944622312,-0.3532732060749238,0.15800341077879282,1.1006460028890896,1.9450098675375052,Cohesive
Foto_158,-0.7376430733198676,-0.4244121594025118,-1.222319602243638,-0.5201340886197239,-0.6246192930469624,1.0630976326583883,-0.40216692233090623,0.01431334950970988,2.3641069523007765,0.48977720449473466,Cohesive
Foto_159,-0.734938428257049,-0.47918312889142783,-1.0374858276109542,-0.43345852928310463,-0.5767704552928492,1.1951912170771708,-0.3728778827203261,-0.13891738277890578,2.4559091658109384,0.12253125194650648,Cohesive
Foto_160,-0.8472758105136627,-0.6047036043418814,-0.8262929123528477,-0.2026242342750555,-0.39784565256181187,1.3145816645977948,-0.26811068340231875,-0.26532534293849375,2.456633151220794,-0.3590365754325169,Cohesive
Foto_161,0.5376587637493809,0.31003942935146944,-1.2671190886733985,-1.1883592041222188,-0.7401468320809619,0.07114533969623156,-0.35892938258323953,0.14189851399220832,0.06673347894336465,2.427078981727163,Cohesive
Foto_162,-0.8435853324868612,-0.4548175293965036,-1.288424293983954,-0.478131940376435,-0.5643952610021817,1.3088010891804138,-0.3115504739248247,-0.047165053412401604,2.197779579845202,0.4814892155575452,Cohesive
Foto_163,-0.7765611211504551,-0.5671332744419906,-0.7923727115441228,-0.2751943698171452,-0.4248895417050873,1.1936478550290885,-0.319478939080636,-0.263381112626474,2.5477500331105465,-0.3223868177737243,Cohesive
Foto_164,0.7979983164378801,0.3081225385492536,-0.9791590968297502,-1.0262266687702253,-1.008233471105335,-0.6274140254051285,-0.6605478406173043,0.3148151303636335,0.6781899514984892,2.2024551658784857,Cohesive
Foto_165,0.6213444311331255,0.34351706139569155,-1.1651091009709253,-1.145537575454464,-0.8737435331318792,-0.2565782848909904,-0.4069700072806396,0.2265293712784986,0.26729111991052684,2.389256518011055,Cohesive
Foto_166,-0.7325256523695338,-0.4883065669736392,-1.0887019859203593,-0.45897771607159177,-0.6384289223921318,1.2110747362546068,-0.35933482518643073,-0.07760865161772543,2.401243265968781,0.23156631830802413,Cohesive
Foto_167,-0.6518230630523923,0.07137723772471498,-1.7177676671581399,-0.8009021038698354,-0.5365274148839616,0.8476096083578292,-0.36387856524162654,0.20867137412971146,0.9898141216013457,1.9534264723923525,Cohesive
Foto_168,-0.891795416732036,-0.42752517263887047,-1.3323757759352564,-0.530910920283577,-0.5189372284642023,1.312393873028085,-0.32362442749655623,-0.02569837513061466,2.1169487136654097,0.6215247299876173,Cohesive
Foto_169,0.9378184123680976,0.23812517723019833,-0.981504087783935,-1.0442916222458998,-0.9784231427764952,-0.6311262727999096,-0.6576861435537018,0.2675535140254,0.6864557955542093,2.163078369982035,Cohesive
Foto_170,-0.582802754697461,-0.18475161700157092,-1.5478425691831497,-0.7961975409213449,-0.70315487371361,0.8933366259003418,-0.4400632362337176,0.1894831383032609,1.7337373725394907,1.4382554550077586,Cohesive
Foto_171,-0.7873392905049504,-0.5197917985765724,-0.9051752928793629,-0.33680289069395325,-0.5003123341890678,1.1846613353300828,-0.33488445859518384,-0.18760790208965636,2.5215133647725403,-0.1342607325738767,Cohesive
Foto_172,-0.6651356766480185,-0.553897003806601,-0.6651356766480185,-0.2640628520446958,-0.474035725101396,1.060574515815328,-0.3680498604635221,-0.31970543097957965,2.6448307670097932,-0.39538305713328953,Cohesive
Foto_173,-0.27791651162759584,0.16894975515971306,-1.5580371706198115,-0.9366331098795647,-0.799584690109021,0.42854598770572383,-0.4604119557607589,0.30157725816346503,1.0404008682297006,2.0931095687381487,Cohesive
Foto_174,-0.7957717091090556,-0.5831667450684183,-0.8343178309014784,-0.2425810613820026,-0.4194248451061887,1.2720473367997336,-0.3139768337659976,-0.24922694444966176,2.4921681738974906,-0.3257495409144222,Cohesive
Foto_175,0.9194170185101401,0.2553298740856985,-0.9918918625233148,-1.0236567091371218,-0.9969912358927556,-0.6263305341015418,-0.6757307136179976,0.28730719458989906,0.6969568552682941,2.155590112818699,Cohesive
Foto_176,-0.8701255921698535,-0.25667289176119207,-1.6888682618399555,-0.5633129131306777,-0.5752262923392895,1.2055649128436356,-0.36959100773846865,0.28944331746835944,1.4438324970158714,1.3849562316515722,Cohesive
Foto_177,0.6902756475588079,0.3460852664881849,-1.1531367631382505,-1.1636010557426983,-0.8872871672414671,-0.26522739471489754,-0.42615124584816316,0.2305538197606999,0.271845352740413,2.3566435401373704,Cohesive
Foto_178,-0.830386171212089,-0.5916686510173415,-0.8289556076465655,-0.22961167210811115,-0.4381629605950806,1.298727803198126,-0.2620170467880131,-0.2552374194557495,2.469364188707596,-0.33205246308277225,Cohesive
Foto_179,0.13213855179400846,0.24066868166022254,-1.3705983182070058,-0.9511356036378736,-0.868022731197224,-0.029409170248230143,-0.6048059794527277,0.37290079391101216,0.7826955946127522,2.2955681807650654,Cohesive
Foto_180,0.16005861572490301,0.4732695886037516,-1.1925616244915105,-1.0136582931684672,-0.8637334839898938,-0.19618633015890669,-0.37908071542999067,0.33670613394687976,0.17984036138040937,2.4953457475828236,Cohesive
Foto_181,-0.5023995024768982,0.17581716370613687,-1.5951276912481063,-0.8567532891824936,-0.47314471310934314,0.8241609815913161,-0.19419411590040325,0.04334653297840574,0.24709996033412315,2.331194673307264,Cohesive
Foto_182,-0.6871549381854035,-0.27541543367126814,-1.3946313033756799,-0.7311800379552449,-0.6712220449353655,1.2172450918585918,-0.42272481512337223,0.024793818092602577,1.9888723167134938,0.9514173465816448,Cohesive
Foto_183,-0.7831626205014578,-0.40736372672752824,-1.2675509071813187,-0.5167490628275344,-0.6207902089101804,1.1558687064355533,-0.3510791722893754,0.00607190950908541,2.293726355450898,0.49102872704185696,Cohesive
Foto_184,-0.8284690672032894,-0.6135839326603046,-0.7989141515048238,-0.19623269885773098,-0.4232980410825075,1.3126203811744355,-0.28674835986555663,-0.25576047855746864,2.46394854160577,-0.3735621930485241,Cohesive
Foto_185,-0.7082524598983123,-0.5770120246405667,-0.7020099929891104,-0.23045602440352203,-0.4714846078421528,1.1611682058549977,-0.3540667778833542,-0.2895117431000992,2.5827661859553204,-0.41114076105320063,Cohesive
Foto_186,-0.7298170447103434,-0.5519886969011568,-0.9573898033988925,-0.3624371439802734,-0.499075852207822,1.164272689282204,-0.3838240722245853,-0.17043005485356155,2.516560241085515,-0.02587026209108247,Cohesive
Foto_187,-0.6493786604248728,-0.5483224078221357,-0.6450142541459478,-0.26549088339613125,-0.46805332739324745,1.0127402297789179,-0.37757063639409133,-0.3180887281390519,2.670809670857933,-0.41163100292137184,Cohesive
Foto_188,-0.60516064771962,-0.06783971110718512,-1.6696609731014507,-0.8626835233053571,-0.5381539923281132,1.033242626137036,-0.44199038688786957,0.15962071908668662,1.3527013831927606,1.6399245060331116,Cohesive
Foto_189,0.8468165031973318,0.2549902676812144,-1.027429964637003,-1.022747971438345,-0.9633312482268003,-0.5706011996821999,-0.6840837967353942,0.2600066889654912,0.710369844265004,2.1960108766107,Cohesive
Foto_190,-0.6653343217876313,-0.5579212551407979,-0.6597586113353503,-0.2603349898446804,-0.504790724963278,1.182391609745927,-0.3605595372307218,-0.34300296134378766,2.582908698805218,-0.4135979069048982,Cohesive
Foto_191,-0.1253721183972787,0.22891775949815826,-1.5229259707223248,-0.9824690805928998,-0.7565702456174547,0.25806599626918353,-0.5494095628519542,0.3283340670564764,0.957797180183139,2.163631975174954,Cohesive
Foto_192,1.0086172222647347,0.24371604338424208,-0.9067610072261051,-1.0155394893061946,-0.9888579748337198,-0.7435932841059707,-0.7020783402589383,0.22981553409613448,0.7810780131795386,2.09360328280628,Cohesive
Foto_193,0.7876105714893352,0.25482844003519095,-1.1484602614739527,-1.1317007918352948,-0.8738302968068683,-0.30752922607540817,-0.45878696046127954,0.1956773707222806,0.33834411646984797,2.343847037936148,Cohesive
Foto_194,-0.8467126259990676,-0.6098593241575211,-0.8193437202520686,-0.2030275189959205,-0.42179671016650083,1.4176850437204978,-0.2734827286905235,-0.27172286557153685,2.3934988007310194,-0.36523835061837856,Cohesive
Foto_195,-0.7739357420416636,-0.46428618661862736,-1.1340877833187928,-0.45745349735601476,-0.5714306762149578,1.1121835678856062,-0.3743719569019286,-0.05184921881020197,2.429407228338829,0.28582426503775255,Cohesive
Foto_196,-0.1548874426688256,0.35764153325729103,-1.4125826601896503,-0.9541954163229184,-0.6894174757922182,0.23940976501453615,-0.3553840334753092,0.20784303077496583,0.27920298151047984,2.4823697178916513,Cohesive
Foto_197,-0.734938428257049,-0.47918312889142783,-1.0374858276109542,-0.43345852928310463,-0.5767704552928492,1.1951912170771708,-0.3728778827203261,-0.13891738277890578,2.4559091658109384,0.12253125194650648,Cohesive
Foto_198,-0.9845199213409462,-0.37174888670535233,-1.681717937877283,-0.46580054454278025,-0.36702097571891074,1.3790978639522589,-0.3619553568048663,0.17381827033724995,1.5113105176088226,1.1685369710918059,Cohesive
Foto_199,-0.20877835272836337,0.11001809046008303,-1.57304475977243,-0.9372054291886527,-0.7737740292702634,0.5282411471181934,-0.5344136635099611,0.3607765688756377,0.9170044664519588,2.1111759615637964,Cohesive
Foto_200,-0.22749708635188534,0.03728012700234689,-1.5111698181585855,-0.9527564098873906,-0.8819494004793798,0.5360831799144588,-0.47398117478110807,0.2146918989043785,1.3972793455651205,1.862019338272043,Cohesive
Foto_201,-0.7174705815296176,-0.5237584756247591,-0.8610527175357748,-0.36250363418106235,-0.5443880928670229,1.179560254678169,-0.3508822831345871,-0.2220847061520523,2.5413900542308205,-0.13880981788411353,Cohesive
Foto_202,0.7746165555200487,0.31857990225731836,-0.9909667568433247,-1.0605524278123692,-0.993861520755637,-0.5917120110913348,-0.6404776493064412,0.31568513834500606,0.6503643814377228,2.21832438824901,Cohesive
Foto_203,-0.7984659021467759,-0.05956772930660119,-1.6834341765072829,-0.7857393783472149,-0.49340922719013813,1.0440308270433767,-0.36614398919452984,0.1976220203143745,1.2934327038914866,1.6516748514433042,Cohesive
Foto_204,-0.8114501086411425,-0.16134008927984642,-1.7456121941103562,-0.614042271711799,-0.5094012754447413,1.042031367791319,-0.3902886520343667,0.28486841430574616,1.2377694015887413,1.6674654075364475,Cohesive
Foto_205,0.6291675792044721,0.3673095814146697,-1.0465281902340025,-1.027963630689203,-0.9734913046564363,-0.5691014582562329,-0.6283370594353627,0.3416611767804072,0.6449230277655191,2.262360278106169,Cohesive
Foto_206,0.4253468746829167,0.2549271460456886,-1.3009927599442013,-1.0433779909379255,-0.8517321491460605,0.0021989642404802376,-0.6028216135916861,0.18590410183061062,0.5833974294674424,2.347149997352733,Cohesive
Foto_207,0.7477963181039377,0.3196145632757285,-1.0245230072932376,-1.0392758783901401,-0.9836331598435551,-0.5668355102712235,-0.6256146659801419,0.27977019488015725,0.650566766071596,2.2421343794468798,Cohesive
Foto_208,0.04125886578001082,0.15048344090139754,-1.4613809227137542,-1.1009567065094863,-0.7790227578904986,0.5650979022586256,-0.4830866215878845,0.08346310655334402,0.7818588828704665,2.2022848103377775,Cohesive
Foto_209,0.5876822913421884,0.35016836300386617,-1.0746666314862041,-1.0177428328577627,-0.9577118399810439,-0.5219589186026256,-0.6459981129938582,0.3367452838513079,0.6689664928771242,2.2745159048470063,Cohesive
Foto_210,-0.020527581327299736,0.3713787507605077,-1.3739983847587767,-0.9980737336351296,-0.8066487105310713,0.11602700379980657,-0.3344788251565902,0.23322599753698495,0.36001399985266014,2.453081483458907,Cohesive
Foto_211,-0.6022435167338736,-0.18508365151183243,-1.5253338732594317,-0.7501428290689202,-0.764110235270551,0.9441035431889009,-0.43618657633670693,0.1731027208588783,1.759955258766382,1.3859391593671562,Cohesive
Foto_212,0.16289960751199692,0.453917364887164,-1.226248599898166,-1.0426700266657343,-0.8575088795261263,-0.07694826019780823,-0.3479200814154108,0.2858128476360102,0.157096836519018,2.491569191149059,Cohesive
Foto_213,0.542903804283471,0.30448789361939776,-1.1297108705306853,-1.0178456655270816,-0.9259016614145306,-0.37436533674493666,-0.645855548888386,0.2859713927911757,0.6368910084874121,2.3234249839241627,Cohesive
Foto_214,-0.9481612471367854,-0.5800695664348269,-1.0031148637786855,-0.2634359320854168,-0.39521080276074255,1.4776019490086305,-0.23953598638612886,-0.18466366207653917,2.2880052098120376,-0.15141509816154344,Cohesive
Foto_215,0.7039215990237856,0.31380740226267556,-1.1396825888956528,-1.1454027384082792,-0.9103045934393406,-0.2773700498672466,-0.43395914277539016,0.2117027334622972,0.3206715816778272,2.3566157969593227,Cohesive
Foto_216,0.7740009706718186,0.2554530707153814,-1.1907353660606315,-1.1315548301099247,-0.8411105493032998,-0.2042015774454492,-0.46290095911346657,0.1340755151854121,0.3088879235640779,2.35808580189608,Cohesive
Foto_217,-0.17203144732822748,0.34352445507170265,-1.4119808910711402,-0.9573840416591914,-0.7173938267412082,0.29141119526178805,-0.2974109506347377,0.18776157519705014,0.2525666252189733,2.4809373066849894,Cohesive
Foto_218,-0.17164388276261563,0.3831935372203982,-1.4209480366005656,-0.9388895854878367,-0.58358102398066,0.46108338873606797,-0.28571878340761253,0.08758008501132004,-0.03692101623026275,2.5058453175017656,Cohesive
Foto_219,-0.8435853324868612,-0.4548175293965036,-1.288424293983954,-0.478131940376435,-0.5643952610021817,1.3088010891804138,-0.3115504739248247,-0.047165053412401604,2.197779579845202,0.4814892155575452,Cohesive
Foto_220,-0.1732709100872325,0.2018316611590679,-1.5490588819901339,-0.9130614400134653,-0.7146542446813045,0.2786173639788991,-0.5192478699191141,0.3158628428179433,0.8235310757141129,2.249450403021226,Cohesive
Foto_221,-1.139219743633869,-0.6878532174150729,-1.1112497032794895,0.00361862397084775,-0.21480990992163312,1.8138046731558328,-0.1599187057261637,-0.07749449305685219,1.879534267988624,-0.30641179208222524,Cohesive
Foto_222,-0.8677987586600772,-0.4938397349619509,-1.2745285855536264,-0.4595582209809231,-0.531375087558127,1.3903652402529092,-0.32057282870529874,-0.03353777944042256,2.1590846130817174,0.43176114252579795,Cohesive
Foto_223,0.3349461127700395,0.4520383028406694,-1.1571206345699754,-1.0511131718260316,-0.9148178625838184,-0.2779924715196851,-0.4297439498512216,0.3171480998793036,0.28561127002028075,2.441044304840438,Cohesive
Foto_224,-0.7489631376511919,-0.18301303896299875,-1.4895475129953404,-0.7520322813534055,-0.6920305219751292,1.0360508395562544,-0.3584146015445076,0.1283515896265737,1.8786842429990058,1.1809144223007375,Cohesive
Foto_225,-0.7493990316979788,-0.5689595343533859,-0.787858185757696,-0.26877757881672865,-0.47847434673435807,1.2724789187696959,-0.31667456209355427,-0.2877712101161595,2.5073598853957355,-0.32192435459557084,Cohesive
Foto_226,0.4117409885393694,0.37138540920964674,-1.1892204571666298,-1.0223793694783765,-0.8941826704768897,-0.28899157975129425,-0.5935835141975411,0.3201922891411998,0.5115604427118287,2.373478461468686,Cohesive
Foto_227,0.7027541643294181,0.3345737447284441,-1.1475848457310234,-1.133499902364498,-0.9049012715257908,-0.3060094795811309,-0.42432300385994415,0.22738732570918596,0.2931640112308596,2.3584392570644783,Cohesive
Foto_228,-1.058479875437626,-0.5973035917297317,-1.3381683778455478,-0.1783444404607692,-0.38036718563728705,1.7049067718150486,-0.24155541865058272,0.009338246142741737,1.884788466554844,0.19518540524890798,Cohesive
Foto_229,-1.0124372126302128,-0.6481399414216494,-1.2446494863313702,-0.13100590561889272,-0.3597941377507303,1.6445152863266879,-0.2884080589721795,0.012700081457114168,2.01773581738257,0.009483557558662122,Cohesive
Foto_230,-0.7008872228513827,-0.5709086949515056,-0.6939973835905247,-0.24180892600200454,-0.47005317555851817,1.1619591753166687,-0.35404978261328945,-0.30274246896860113,2.585370648145023,-0.4128821689258655,Cohesive
Foto_231,-0.700188268534159,-0.5720584586286385,-0.6917148522063093,-0.251146182443252,-0.4545571535967792,1.1432940652670582,-0.3543945155016761,-0.30330912110891695,2.5961176208548076,-0.412043134102134,Cohesive
Foto_232,0.6615505873927251,0.32236045142264425,-1.049742722129256,-1.004304934255741,-0.988726264127679,-0.5898178926666932,-0.6667670814810608,0.35576017601538346,0.7479413944665245,2.2117462853631538,Cohesive
Foto_233,-0.981283394936605,-0.6803185367822957,-0.9732963902569972,-0.03387942166822694,-0.30064537796712504,1.664157773216375,-0.2611460093697922,-0.1255847572168139,2.1208692226230346,-0.42887310764155445,Cohesive
Foto_234,-0.6676581909369548,-0.5528426926627449,-0.6776590334927634,-0.27107138104180883,-0.500896568707817,1.10821957941002,-0.3564183772219614,-0.3226776705409568,2.6196090476014366,-0.3786047124064493,Cohesive
Foto_235,0.5043148370948378,0.342479561308289,-1.1493221783241105,-1.0522210128521812,-0.9064998074443792,-0.29722124984798237,-0.5958872094540593,0.29691563816838534,0.48945099631444233,2.367990425036757,Cohesive
Foto_236,0.7591297230006073,0.3048101544738497,-0.9787119672077284,-1.001455681871461,-0.997905443484927,-0.6343388437139417,-0.6754994200078188,0.3130200807427092,0.6871264507237173,2.2238249473449927,Cohesive
Foto_237,-0.6832460975058311,-0.5686648074570426,-0.6755124534983974,-0.2388699639253126,-0.5022883168656328,1.243190391045289,-0.3461920666542399,-0.352549786267713,2.5450520960758087,-0.42091899494692797,Cohesive
Foto_238,-0.11254405062264893,0.10344429931765751,-1.5169041370787513,-1.0293178458898586,-0.7350576887476168,0.5307142312818963,-0.5159314935297269,0.19548776079342997,0.9292205815349558,2.150888342940662,Cohesive
Foto_239,-0.7036225799023208,-0.5685781284685825,-0.7324219956633498,-0.26828759109515776,-0.4705306793046302,1.1452567667635813,-0.3594857410050825,-0.2833344768579425,2.5901353204222417,-0.3491308948887576,Cohesive
Foto_240,-0.9481232353872964,-0.685329942567789,-0.9452788518060927,0.03755973831374916,-0.4108122393769784,1.6062025957429678,-0.25423239199217695,-0.11007070707165524,2.16821116626325,-0.4581261321179774,Cohesive
Foto_241,0.03958355287898168,0.22140118689172722,-1.4390264010064209,-0.9983056602420739,-0.8046162129172263,0.14203892803822096,-0.5453878510063891,0.282711784407653,0.834181906891749,2.2674187660637743,Cohesive
Foto_242,-0.7261242496317454,-0.5268628917746871,-1.1375345158540295,-0.41870660250998554,-0.5068376209850725,1.1491134843105988,-0.4337751231041512,-0.0990953499074207,2.423692229568408,0.2761306398880844,Cohesive
Foto_243,-0.8549439301897305,-0.6075377960442196,-0.8444348671733143,-0.18438974061213284,-0.4382532508279719,1.3722810455966612,-0.2763756958100417,-0.23794797743073628,2.4140077440010583,-0.34240553150957287,Cohesive
Foto_244,-0.2558912796295825,0.38436887370936096,-1.4349147125478567,-0.9097694621522061,-0.5301668986571325,0.44862894891985,-0.29291529647271214,0.13647818622519053,-0.05779151134824124,2.5119731519533284,Cohesive
Foto_245,-0.6724446432455404,-0.09668369200400932,-1.6959379124812843,-0.7625797442386234,-0.5278605832852068,0.9926633857123953,-0.4145478848939025,0.15716618426222467,1.337936007271614,1.6822888829023315,Cohesive
Foto_246,-0.7782903811413404,-0.18860845283126224,-1.601359302154939,-0.7308189144301952,-0.6068752304352782,1.2887035912195712,-0.3185939598621431,0.06342187952608956,1.424730921286416,1.447689848823079,Cohesive
Foto_247,-0.6601529036442311,-0.5573216235982179,-0.6573935669703667,-0.24868981662648515,-0.504066425792635,1.1236662781199724,-0.3651338242635627,-0.3296763480044052,2.6132481925611026,-0.41447996178117097,Cohesive
Foto_248,-1.0038531329892695,-0.6907228079279142,-1.0127275814884429,-0.003947599504804783,-0.28701190508189117,1.6894654826435216,-0.25258516521440766,-0.11021146989577056,2.0767280542195246,-0.4051338747605457,Cohesive
Foto_249,-0.19142908228321243,0.48016693905194663,-1.283378022020155,-0.9536340620256691,-0.7562720100828247,0.17463918174983412,-0.2949533487931092,0.26787156211547203,0.024296923368015103,2.532691918919705,Cohesive
Foto_250,0.7345494815357146,0.26459077635754064,-1.1046545410579907,-1.0572309779283944,-0.956723214160364,-0.3690232487983649,-0.6251356480871129,0.2839627358322298,0.5413330545673863,2.2883315817393566,Cohesive
Foto_251,-0.950196562067584,-0.6477946932620884,-1.15012861638977,-0.0780439781621298,-0.464832753012704,1.5459866653185952,-0.3042194329356973,0.0033754762418029796,2.153665121706946,-0.10781122743737183,Cohesive
Foto_252,0.40329186242129533,0.3408206897410313,-1.3016720707560427,-1.1128817775597633,-0.7213613427178893,0.10384326610267515,-0.3632277053965974,0.12311811827950606,0.05686081392165042,2.4712081459641326,Cohesive
Foto_253,-1.0586452243638453,-0.6480168853048585,-1.2622634585745611,-0.1373283624380031,-0.3450804389882388,1.698203632266301,-0.24915409751989023,-0.0157509992731455,1.9432662858296403,0.07476954836660017,Easyflowing
Foto_254,-0.7086520013429427,-0.5189099631365055,-0.8750108336531149,-0.36924335913179923,-0.5140502004652939,1.1456643987680728,-0.36748257555527325,-0.22091495064525266,2.5590805913169885,-0.13048110615487948,Easyflowing
Foto_255,-0.7991813248017362,-0.4182225375585306,-1.3539769374866368,-0.5850382795493269,-0.5088465221006856,1.4028384775023355,-0.3806467390898322,-0.07796003031775613,2.042797232045359,0.6782366613568117,Easyflowing
Foto_256,-0.8351650498478069,-0.6120978530769132,-0.8186822520568542,-0.19886800771780602,-0.42779575481437154,1.3856172391865567,-0.2853721724206949,-0.27334583477322194,2.415853148520328,-0.35014346299921656,Easyflowing
Foto_257,0.49747982612024383,0.38797997563925596,-1.0779476255653095,-0.9911120040647426,-0.9702925379083093,-0.5247823159152633,-0.6193922950312074,0.36979588494566207,0.6176529472257329,2.3106181445539358,Easyflowing
Foto_258,-0.7998255217172109,-0.5890986570961659,-0.8112588984989588,-0.24007658608312768,-0.4413161806086798,1.2756972591737052,-0.3092241892791243,-0.2651327096686603,2.492378833086729,-0.31214334930850673,Easyflowing
Foto_259,-0.7949101016647698,-0.5354701206599879,-1.0642376772238655,-0.38479367975265755,-0.5318825863526705,1.2573345237943043,-0.3162805245665718,-0.11327858327446583,2.412258068240212,0.07126068146047006,Easyflowing
Foto_260,-0.7496767144265994,-0.5168473274853098,-1.082455857356484,-0.4143095867434386,-0.5481708670853069,1.2124619328245063,-0.37816704105113413,-0.13141608095429022,2.4210508126044545,0.18753072967360135,Easyflowing
Foto_261,-0.88163758349459,-0.5821771618988881,-0.9784867286133699,-0.2853428880344269,-0.41752565717353424,1.406612472993002,-0.28629785084578707,-0.20369356766313007,2.356322988890718,-0.12777402415999442,Easyflowing
Foto_262,-0.9802466665184077,-0.5891908155137237,-1.4585929280458618,-0.24923811717764535,-0.3808871018442305,1.5520831626741123,-0.3270601770790751,0.07125906618307551,1.9044873905944193,0.45738618672733555,Easyflowing
Foto_263,-0.8187674802847957,-0.5956403509498809,-0.8744335670699803,-0.239760843628445,-0.4713502759425802,1.4060248623458866,-0.302633110294372,-0.22924907664644453,2.3951887465263293,-0.2693789040557165,Easyflowing
Foto_264,-0.9793145947219662,-0.696945878205742,-0.9505554628055173,0.03038858394270766,-0.33254748276075996,1.6184079625253203,-0.2426490825086156,-0.108045203587318,2.1479102363574714,-0.4866490782355823,Easyflowing
Foto_265,0.9210650703084731,0.26929582545534264,-1.0341266084737006,-1.0890209910975486,-1.001863102407253,-0.4755501527261728,-0.5848746948649992,0.2790445107416076,0.49618486991543337,2.2198452731488185,Easyflowing
Foto_266,-0.999077865713345,-0.6765667873678686,-1.0968781372939607,-0.040907580958784794,-0.3497998225306333,1.662638663962399,-0.2607666771230407,-0.05282406313570931,2.076736419610523,-0.26255414944957933,Easyflowing
Foto_267,-1.059847072150255,-0.6434660147690602,-1.25800058231054,-0.12774951626312714,-0.34339020303807977,1.7071623352628986,-0.2306030875943665,-0.027068907706491344,1.9431874823519901,0.039775566217030524,Easyflowing
Foto_268,0.6758085960159961,0.35495579889463674,-1.0093975347024786,-1.0137128940239946,-0.9992506087302655,-0.6072526984704002,-0.6561212270032426,0.34480887292242357,0.6741757573538009,2.235985937743523,Easyflowing
Foto_269,0.5463072621121087,0.38592044484553933,-1.1563183041282217,-1.16187998382725,-0.9275378581303596,-0.19174266551568517,-0.3432608583973178,0.24176771967343036,0.20914921981696782,2.397595023550787,Easyflowing
Foto_270,-1.1811098742499448,-0.5413409512505533,-1.4314990819212101,-0.20417937655417925,-0.28321572274495455,1.7338227761269684,-0.2375731998223859,0.06580775056406464,1.7149984587634233,0.3642892210887706,Easyflowing
Foto_271,-0.7917251191029102,-0.5691233475332533,-0.8952204882223092,-0.2976648235022041,-0.4563769956992712,1.1858169827441523,-0.321225920103408,-0.19380808787051687,2.5238849044456555,-0.1845571051559336,Easyflowing
Foto_272,-0.7757415235399066,-0.5269586662496485,-1.1087219481519823,-0.41704464737026187,-0.5054330438347946,1.2214743013143894,-0.35742057820345435,-0.11244756558839164,2.4081456715208693,0.17414800010318063,Easyflowing
Foto_273,-0.6737418498582521,-0.5246646736324653,-0.9199291584846397,-0.40310828396345083,-0.5382375956127808,1.2194183065784765,-0.4211805170974622,-0.20266397206630377,2.5030717787278833,-0.03896403459100548,Easyflowing
Foto_274,-0.6722694879807324,-0.5181486110000877,-1.0115223335064845,-0.40472448157938185,-0.5849286602320539,1.0951078455095486,-0.4336115257764156,-0.10480899329841407,2.5176248484240653,0.11728139943995707,Easyflowing
Foto_275,-0.7928664797784031,-0.5715796902530046,-0.9124868782058859,-0.29621192743000724,-0.47677377350053346,1.3023515788281728,-0.336498968267085,-0.19804875727444618,2.4533786097005534,-0.17126371381935998,Easyflowing
Foto_276,1.0973889083966593,0.15648277068164293,-1.0117360910834816,-1.064350775785194,-0.9753271614233645,-0.5668340960082221,-0.5770977408678989,0.21698425617026512,0.5714581381134238,2.1530317918061694,Easyflowing
Foto_277,-0.8720219956152158,-0.6240041512998958,-1.3825112216961604,-0.2507628018478989,-0.4355008729564207,1.472608987079659,-0.40307150741666037,0.08191147610492229,2.0541513174331123,0.35920077021455765,Easyflowing
Foto_278,-0.6611760972697749,-0.5319464606897832,-0.8390867921075849,-0.38140664198086704,-0.5665510683670275,1.1479084773447328,-0.3852515983894497,-0.22728254187411953,2.564611992025741,-0.11981926869186728,Easyflowing
Foto_279,-0.7511843599599528,-0.29392348599385704,-1.6561966290186867,-0.5626065585710447,-0.6096704201142595,1.2130871490371598,-0.4704129667809121,0.25730393345064334,1.559780183898306,1.3138231540526026,Easyflowing
Foto_280,-0.9678606563913368,-0.6623460292443341,-1.1021176501545782,-0.0936773203102695,-0.3825070795910097,1.6952344452678083,-0.2867203770220004,-0.05607153004175054,2.0623015383255825,-0.20623534083811268,Easyflowing
Foto_281,-1.0131141058007174,-0.6505749745081494,-1.128215971602636,-0.051664320536464116,-0.3968792151322894,1.6412129240080662,-0.2595551608973763,-0.0334330557404156,2.078581873493371,-0.18635799328339014,Easyflowing
Foto_282,0.9486245045741141,0.23293792207731576,-1.0691341255310598,-1.1105202786335266,-0.9664034082145818,-0.39593569429626124,-0.5393178992755171,0.2465292327115577,0.40264563864541886,2.2505741079425414,Easyflowing
Foto_283,-0.9107358114666054,-0.5774813741646238,-1.1337356188937435,-0.30572430643662085,-0.47623103204671785,1.4996353888293887,-0.29844424399484154,-0.1171132150173619,2.2060888165678523,0.11374139662327484,Easyflowing
Foto_284,-0.38571718092493495,0.13785455178385045,-1.5545076798077395,-0.8742995284492342,-0.7542841243449353,0.4096114864550654,-0.4390170733821314,0.32222866956945806,0.9799565941773088,2.1581742849232914,Easyflowing
Foto_285,-0.7110872246599257,-0.5544531923300464,-0.7481788785354748,-0.28660005929803095,-0.4680363421109581,1.1644991767338073,-0.36374399604823177,-0.2870469466941219,2.5787860635126534,-0.32413860056967103,Easyflowing
Foto_286,-0.7279645282202027,-0.5515230603282586,-0.8013495262846031,-0.31586075373209777,-0.4868685570419025,1.1733296562403255,-0.35444587750639145,-0.24601679550774339,2.561478325949369,-0.25077888356849487,Easyflowing
Foto_287,-0.7318735812649518,-0.5618217130816038,-0.882478958557732,-0.33175153848060346,-0.5455230354646888,1.303222675854812,-0.3532965715536068,-0.22024899718720273,2.4639263569598286,-0.14015463722425187,Easyflowing
Foto_288,-1.0553445598501356,-0.5918719151761638,-1.4174364083437643,-0.2068955665738654,-0.38529623946403263,1.5999956624364744,-0.27677941636808273,0.0789146148908642,1.8859288788480248,0.3687849496006802,Easyflowing
Foto_289,-1.0993458424045521,-0.6830841796646361,-1.230107613516946,-0.06534058917064624,-0.26611733017758055,1.7122337184396685,-0.20798979402053033,-0.05728131206048327,1.9381957004158625,-0.041162757840157334,Easyflowing
Foto_290,-0.8067754414821761,0.22276069349886415,-1.589618960530579,-0.7370442238274338,-0.5489174039915288,0.6921297355978526,-0.19962931072396908,0.23434745171944057,0.46629328446225304,2.2664541752772704,Easyflowing
Foto_291,-0.6602647724004911,-0.553706496399937,-0.6580976417332361,-0.25625628502842046,-0.4629175541908971,1.0505696164894094,-0.36737936817914973,-0.32168518751426484,2.650511468044246,-0.4207737790872595,Easyflowing
Foto_292,-0.6538909432303719,-0.551734515826918,-0.7553738117718249,-0.3105443133254666,-0.5351761938027317,1.1890222331089702,-0.3922694552482297,-0.29117949604294374,2.5673481843832633,-0.2662016882437476,Easyflowing
Foto_293,0.3462401697519908,0.35564887001699064,-1.2954892651672119,-1.14672528739231,-0.7684245276807162,0.23244815333944668,-0.2143763479247871,0.10729468755029911,-0.07679629687997941,2.4601798443862757,Easyflowing
Foto_294,-0.7342598638497622,-0.5205587409763681,-0.9471933821151339,-0.37594203282497646,-0.5237826803300616,1.1516678976001007,-0.38338779752279234,-0.15986133566671343,2.525296343655915,-0.031978407970206804,Easyflowing
Foto_295,-0.9751180101318273,-0.6402293634398768,-1.121223170795425,-0.1686792706331255,-0.34765582232234304,1.6265345431141252,-0.27001759213752263,-0.06425358091085238,2.1178801144943162,-0.15723784723746775,Easyflowing
Foto_296,-0.6202329203981939,-0.13790834907073055,-1.6279467569216433,-0.7631063753502365,-0.5996294198022727,0.9545838259703613,-0.46874652667244643,0.1502028969673127,1.6110248654486001,1.501758759829248,Easyflowing
Foto_297,-0.7833123545166841,-0.4434273248225739,-1.2143005880463291,-0.46488913726459874,-0.6035149257931889,1.105874635596874,-0.39448125256958827,0.00880372306295295,2.360624170153836,0.4286230541992994,Easyflowing
Foto_298,-0.7728567344642168,-0.4026233377629042,-1.548256722423342,-0.5154619411002168,-0.6266927405039671,1.2816243646410537,-0.41797055712873027,0.19504123354055727,1.8449403973638563,0.9622560378379079,Easyflowing
Foto_299,-0.7709060872484622,-0.4606738804130688,-1.2419871888147864,-0.4887866070452739,-0.654706817168681,1.2534307222438956,-0.36090126236543857,0.010076483192876686,2.2510466567334038,0.4634079808855339,Easyflowing
Foto_300,-0.3210945140351024,0.07987636541816837,-1.592866088100231,-0.8110523257844751,-0.7204763411259424,0.3736744910941887,-0.5121339202739569,0.25820335275757966,1.1538992010475142,2.091969779002259,Easyflowing
Foto_301,-0.821492929691996,-0.5704580046786679,-0.9195774831185634,-0.2991322497182454,-0.44277960540868505,1.378853460022142,-0.3183242982602623,-0.23576918869212085,2.404089763052939,-0.17540946350654102,Easyflowing
Foto_302,-0.8043320699594659,-0.5538510076303336,-0.9186883468432921,-0.2983574597771763,-0.49814081137759914,1.2608835728748695,-0.31676044234395356,-0.19488543717408985,2.4728309656480447,-0.14869896341700278,Easyflowing
Foto_303,-0.8961123860002113,-0.6539022872879737,-1.0432091293831294,-0.07469363070951485,-0.4716355329250427,1.4722182841042213,-0.3342044507583406,-0.05162600226073027,2.2642339355271,-0.21106880030637812,Easyflowing
Foto_304,0.9731287659298151,0.2454105384728946,-1.02156244459311,-1.0866259018138376,-0.9914568109977561,-0.5714115422625823,-0.5708601570318983,0.2663631772388917,0.5842919012513638,2.1727224738062185,Easyflowing
Foto_305,-0.7652940889085357,-0.22182771102223506,-1.5864152022282725,-0.6980187412827799,-0.6202161998965149,1.1560832597869473,-0.32808657304237737,0.05648497402123353,1.5638475306041804,1.4434427519683533,Easyflowing
Foto_306,-0.6651403428659863,-0.5463037720276822,-0.7107021901834388,-0.296418176430932,-0.5249058826804249,1.1469999349766118,-0.3660917917445622,-0.30001928463815336,2.5961067535520845,-0.33352524795751703,Easyflowing
Foto_307,-0.7152438121696603,-0.5480399586669945,-0.7755011895659081,-0.30665494833040313,-0.46189027652919284,1.1257168299923987,-0.36116506357577965,-0.26535761101950367,2.594112684477363,-0.2859766546123201,Easyflowing
Foto_308,-1.103660712129514,-0.666183668833731,-1.2823545831607641,-0.10340562199555345,-0.28694360398849406,1.7823529519354326,-0.21202135444768067,0.0017654093282604047,1.8378987576294836,0.03255242566256014,Easyflowing
Foto_309,-1.0428036108793401,-0.53763877251763,-1.4842420044542906,-0.33185546122705145,-0.3553545877421692,1.5912227736400635,-0.2604287376952251,0.0770558928213236,1.816655072073226,0.5273894359810926,Easyflowing
Foto_310,-0.9944672813363831,-0.6541358095854399,-1.1064393379477468,-0.11220165231103996,-0.34956828336099705,1.640231678487472,-0.2682384220525854,-0.06222043461227664,2.1023371771051904,-0.19529763438619227,Easyflowing
Foto_311,-0.9742557549526403,0.014098108819434465,-1.6986947201922364,-0.6237139227103858,-0.2869729500052278,1.307981770651233,-0.1750798272967672,0.08798578757189005,0.404131631429381,1.9445198766853216,Easyflowing
Foto_312,-0.9714035623460002,-0.6967086109077334,-0.9486974831952638,-0.015040173529203485,-0.3140382677893593,1.665765184032648,-0.26425154377994636,-0.12502925418598168,2.1228031441860034,-0.45339943248516346,Easyflowing
Foto_313,-1.0410440706795987,-0.6176523958599626,-1.3325035699629248,-0.17943688109242642,-0.32835945779979125,1.620747436272937,-0.2722569250738927,0.03585088676630567,1.974124974723261,0.1405300027060918,Easyflowing
Foto_314,-0.7159409819639898,-0.4890899050142466,-1.0085509067706626,-0.4494312184201189,-0.605523741297006,1.2136913950336206,-0.38324866664658525,-0.11843371876913013,2.453110091883431,0.10341765196468675,Easyflowing
Foto_315,-0.6976991725922602,-0.5107401163258729,-1.2467832064764708,-0.4936454803941084,-0.5443884186978906,1.2937177195600116,-0.4543710953103706,-0.08423976921817668,2.241388074789923,0.49676146466521465,Easyflowing
Foto_316,-0.8510500212470201,-0.5687143811247702,-1.323729399440425,-0.2835394847663754,-0.5195384631147404,1.495197762053688,-0.401425403691112,0.059556238809375626,2.087012331915733,0.3062308206056454,Easyflowing
Foto_317,1.067176080328083,0.19601635240310475,-0.9967124026082751,-1.0813814191677251,-0.9835031698458034,-0.5797553913928772,-0.6020595057295097,0.2509104590471469,0.5879624392895603,2.1413465576762944,Easyflowing
Foto_318,0.5899881257016324,0.38538254644840053,-1.1809851839187997,-1.1756437764836174,-0.9453697670557596,-0.1082525240196942,-0.3239860354295556,0.20347794879469336,0.18003510505139325,2.3753535609113055,Easyflowing
Foto_319,-0.9345501489923721,-0.5974207688503491,-1.0298312468452417,-0.24106946288061679,-0.4159724172870582,1.5070486967695536,-0.2568115573084822,-0.15647641861298203,2.2580294541073016,-0.13294613009975173,Easyflowing
Foto_320,-0.9178020770503228,-0.6275673736467934,-1.298083400634064,-0.1977549779253241,-0.4436724062582546,1.5855808605773505,-0.34026543109352425,0.03339002538407372,2.0460243140682044,0.16015046657865398,Easyflowing
Foto_321,-0.7799844549865579,-0.5516728149933313,-0.8342947538326364,-0.2999178805341714,-0.4493037624920898,1.17668406950759,-0.3266171881203731,-0.2174105080665679,2.5476609539278408,-0.26514366040970394,Easyflowing
Foto_322,-0.7149532755170863,-0.5343924737791517,-1.0046943003619782,-0.3977062593794065,-0.5492423341090005,1.1205232109347985,-0.3810845407147461,-0.11783701668560764,2.5129507394773865,0.06643625013478943,Easyflowing
Foto_323,-0.9201047262035739,-0.44925107861970853,-1.6244054900130087,-0.44117387174894585,-0.48599445105141287,1.412149163577793,-0.33791232508743224,0.17158521419184652,1.6257992041397282,1.0493083608147131,Easyflowing
Foto_324,-0.6676409778453712,-0.5490040275568021,-0.6719239002384604,-0.27822815626038855,-0.4666291535297209,1.064991482265546,-0.36441007241466006,-0.31644134161206167,2.6427725038529957,-0.39348635666107634,Easyflowing
Foto_325,-0.6928256146490511,-0.5664832870946288,-0.68884709281362,-0.24237931318389877,-0.46876690933172305,1.146464437294342,-0.3610071898623022,-0.30739418220191944,2.595277126657862,-0.4140379748150609,Easyflowing
Foto_326,-0.7393824281933117,-0.5582527862820692,-0.8223449775187327,-0.2881040134976942,-0.48387039414923916,1.1359497229079365,-0.3525813712243713,-0.20495219599890724,2.57369385718704,-0.2601554132306513,Easyflowing
Foto_327,-0.9094024814825221,-0.6772094350962214,-0.8996023335936658,0.026287455513637963,-0.43226979112899006,1.5683695497895522,-0.28110411127473633,-0.14422230710162617,2.221456529363268,-0.4723030749886971,Easyflowing
Foto_328,-0.9996713535003063,-0.6114374332684668,-1.3148789804635734,-0.1940155347086024,-0.40982626250075704,1.5596297578103104,-0.2632102014785151,0.019992074731241774,2.039597324215943,0.1738206091627254,Easyflowing
Foto_329,-0.6858291533772777,-0.5674672991446381,-0.6904080437448465,-0.2608293506584156,-0.4650084727477484,1.1315964395051776,-0.3676701259016884,-0.31114790932137637,2.6045713118337455,-0.387807396442932,Easyflowing
Foto_330,-0.7099899387454272,-0.5650627344869913,-0.743291427856965,-0.2601459748094734,-0.47978244082471444,1.1368186301079137,-0.3532586910752863,-0.26595182652957705,2.591403574738027,-0.35073917051750547,Easyflowing
Foto_331,0.5764229842829146,0.33673728817202336,-1.058763254320914,-0.9956746007263227,-0.9531889354252997,-0.5401054185828238,-0.6392812939090069,0.33584150607230295,0.6310656923658572,2.306946032071268,Easyflowing
Foto_332,-0.7378255860575114,-0.5596579713734473,-0.768644396691504,-0.28240497306613105,-0.46208445393223996,1.1547401303661928,-0.35055524865677173,-0.2631577535947129,2.57653397718083,-0.30694372417470644,Easyflowing
Foto_333,0.9935337996842235,0.2452739198250684,-0.9901283710649119,-1.075056438461164,-0.9950081010986819,-0.6330774862535293,-0.6020340973152905,0.2777708453691111,0.6391823399979051,2.139543589317269,Easyflowing
Foto_334,-0.9200771024713448,-0.6617288999110199,-1.0105218901210857,-0.019983409163152378,-0.47717264403114273,1.540418345331157,-0.2918524963636833,-0.05382381535304705,2.2143236803362387,-0.3195817682529198,Easyflowing
Foto_335,-0.734733850339334,-0.45686487736605474,-1.242298815587724,-0.49104851472330335,-0.5908918119548716,1.1152439892123656,-0.4222299708687761,0.012793480119841518,2.33976280068292,0.47026757082493625,Easyflowing
Foto_336,-0.6700471546842798,-0.5374955873755809,-1.1627887720223,-0.4230655092995613,-0.5482870360197607,1.173458053323338,-0.4651114365641486,-0.1099098863797784,2.3870888013164246,0.35615852770564654,Easyflowing
Foto_337,-1.0082595295126777,0.28125874160201586,-1.6739928940269626,-0.6035135977490537,-0.29377525444983277,0.9120728492582633,-0.10217283857293526,0.18239642997796007,0.1241220857408443,2.1818640077323765,Easyflowing
Foto_338,-1.083634154998552,-0.626996673961915,-1.2971400211320236,-0.12970731961347995,-0.30445468735652464,1.701631729334184,-0.25712031432223914,0.013298174447749852,1.9168082203982773,0.06731504720452279,Easyflowing
Foto_339,-0.6602615414388195,-0.5442973112364013,-0.6822986628877589,-0.2953757816253827,-0.46687355787912793,1.0332177848406678,-0.3685879962168587,-0.30125234734509976,2.6578923208184673,-0.37216290702968663,Easyflowing
Foto_340,-0.44999373103341483,0.3814321918448736,-1.5153282959380452,-0.8315482813658353,-0.6441358646071531,0.38918156272281684,-0.30336747679022386,0.27498030767944154,0.2796707163687232,2.4191088711188145,Easyflowing
Foto_341,-0.7838600252945755,-0.5590558326305728,-0.8726388664148295,-0.3131370490250968,-0.44003365002979267,1.2019567999831942,-0.32930399654464076,-0.24052515542438668,2.5245803513665703,-0.18798257598586895,Easyflowing
Foto_342,-1.1008803899438802,-0.6350417343441856,-1.2297891007101427,-0.12314940223686645,-0.26422127361575193,1.6879140253914042,-0.24166224923165608,-0.008690942112951343,1.9690181817720278,-0.05349711496799899,Easyflowing
Foto_343,-0.6639559279938965,-0.5555010920266973,-0.68260801698152,-0.2641291640555464,-0.4800161365937567,1.1163202209135732,-0.3691263020642045,-0.32320222917822833,2.615841035581751,-0.3936223876014749,Easyflowing
Foto_344,-0.7373158451344423,-0.5432165802605456,-0.9480192451421057,-0.3724860981675063,-0.503781759317849,1.3346649807709074,-0.3784051648587103,-0.23381082140215606,2.4266943498000457,-0.04432381628763923,Easyflowing
Foto_345,-0.6898524067954026,-0.5259780168561892,-0.8147963593252233,-0.350095862131611,-0.5376065890693844,1.142974890785442,-0.37082505607687205,-0.2401932149645102,2.5757540247275594,-0.18938141029380928,Easyflowing
Foto_346,-0.704380128066097,-0.5288846650368381,-0.9798577708636411,-0.40410949741677393,-0.5025522432988375,1.1379171195605378,-0.3983568760524723,-0.1802434012257109,2.522030228945963,0.03843723345386901,Easyflowing
Foto_347,1.0567417503796315,0.20293756075585676,-0.9705129809094664,-1.0646394896307056,-1.011617582893956,-0.6300618426054984,-0.5932999872680185,0.25909028484277624,0.6199422329768841,2.1314200543524953,Easyflowing
Foto_348,1.103226384173196,0.16225373695071682,-1.0111096612844976,-1.065251647277738,-0.9721446534722651,-0.5819563846343004,-0.5724842280390617,0.21930195280840548,0.569879384975371,2.1482851158001752,Easyflowing
Foto_349,-0.7200739988996319,-0.5596432392247498,-0.7620092734172628,-0.2697231521542102,-0.5088675554844833,1.2360932187680678,-0.34917349657815405,-0.2739733488958621,2.534556657987628,-0.32718581210134223,Easyflowing
Foto_350,-0.8454961844132195,-0.6060111240349898,-0.8425542612982753,-0.19846088145196442,-0.4274927256558178,1.3945591882359472,-0.258238255383279,-0.2613679608247091,2.4036388166618345,-0.35857661183552736,Easyflowing
Foto_351,-0.7398279296173379,-0.2985901592838791,-1.5726883061528727,-0.6617924287505035,-0.5115018344884521,1.167224835393757,-0.48324206462721153,0.12915999361580566,1.7717591168004057,1.199498777110287,Easyflowing
Foto_352,-0.7044546448884288,-0.5171319767905579,-0.907315265779912,-0.36803989951976,-0.5440885181487778,1.0886973770422717,-0.38654090377633993,-0.15455565509031907,2.5723189254146464,-0.0788894384628226,Easyflowing
Foto_353,-0.8610685157417837,-0.5564707896040489,-0.9833540200326197,-0.30831252698516165,-0.44430931337379703,1.3079447086710985,-0.2869484362746376,-0.1628294465870027,2.419594876425799,-0.12424653649784707,Easyflowing
Foto_354,-1.1129122612478755,-0.6976612663234926,-1.0665532904200044,0.01768569990301692,-0.24702237373868835,1.8147144890225406,-0.1336821140990178,-0.1279078650635178,1.9040503705289187,-0.35071138856188055,Easyflowing
Foto_355,-0.689820929169255,-0.5447097720600956,-0.7733803349636046,-0.3080258679476775,-0.5319348802777767,1.1584155732826973,-0.3623772257124526,-0.26575258968618576,2.576893102639457,-0.25930707610510667,Easyflowing
Foto_356,-0.7955557821320666,-0.585305464350122,-0.8342610982407644,-0.24747330263541575,-0.4470178946851672,1.2963050174447255,-0.33406932083605395,-0.24424258066889593,2.4767854850152395,-0.2851650589114799,Easyflowing
Foto_357,-0.745692510604458,-0.5317031781333902,-0.8639479383890558,-0.34400057695642233,-0.4619771004302075,1.095494297225785,-0.3579457924970588,-0.207267738580481,2.585261673431987,-0.16822113506669872,Easyflowing
Foto_358,-0.7268830340194409,-0.5336281767034926,-0.8832800061771928,-0.33581944940660885,-0.5418820660439381,1.2097924838102647,-0.38114468656060707,-0.2032591404303159,2.517037785212548,-0.12093370968121711,Easyflowing
Foto_359,-0.9487882105221536,-0.6315961168817465,-1.1859705374287532,-0.13514287716044102,-0.4802156747915244,1.5538976586127575,-0.3195089408734351,0.020066253153852947,2.128004549237672,-0.0007461033462293609,Easyflowing
Foto_360,-0.9431318661051183,-0.5612900367195778,-1.1025923943257818,-0.2900417994870779,-0.46227019258255286,1.48818191354508,-0.2451246345677782,-0.16860930046189537,2.230647034286799,0.05423127641790303,Easyflowing
Foto_361,-0.7532059533875657,-0.5833549877361016,-1.3421457147225333,-0.32811698772180936,-0.606317176706646,1.4343175566806783,-0.3971189425177165,0.05647083056374078,2.10345189758614,0.41601947796181266,Easyflowing
Foto_362,1.1240259740660965,0.16787151339439316,-0.9952931638072824,-1.0832644987328612,-0.9778910672139944,-0.5739061990606085,-0.5996356792997644,0.23651904780840682,0.5781552999465769,2.1234187728990372,Easyflowing
Foto_363,0.30956982968523733,0.36825961023553194,-1.2051068340820872,-1.0201814897394708,-0.8762339205636839,-0.22013921267279365,-0.5689756576827294,0.3193264428201968,0.4856391713361214,2.4078420606636763,Easyflowing
Foto_364,-1.0111703305818371,-0.6746513485168613,-1.1492246991434973,-0.057898498793854336,-0.3467493057910593,1.655497386190201,-0.27002187784543547,-0.030030950292695837,2.057560108973362,-0.17331048419832312,Easyflowing
Foto_365,-1.0202272599945863,-0.6226154908305598,-1.3076089158384423,-0.1818069462943647,-0.39185965969737013,1.5997802659463622,-0.2773770140866751,0.045255896270737894,2.0033231985682254,0.15313592595667133,Easyflowing
Foto_366,-0.9677093275920566,-0.6908655215073105,-0.9821367102010996,0.0022377164863006524,-0.3461541298841073,1.591163639949564,-0.287855726688383,-0.07748093333815577,2.1706144353494903,-0.4118134425742412,Easyflowing
Foto_367,-0.6757629994171217,-0.5420019938516876,-0.7332371534595056,-0.30599806719567485,-0.5015410618787759,1.1336367913175855,-0.36123650936354473,-0.29612821721306437,2.6004273696725035,-0.31815815861071434,Easyflowing
Foto_368,0.9417223546455736,0.2503807671565159,-1.014078774088337,-1.0894130068619758,-0.977078332327833,-0.5678512242079038,-0.5720734968412348,0.24715850646265827,0.5837180803142101,2.197515125748326,Easyflowing
Foto_369,-0.662443299133976,-0.5485599558929266,-0.6657680184473455,-0.2646476573442085,-0.5080077456763359,1.152432002672501,-0.36663693430926014,-0.33643349829343905,2.5988722121185437,-0.3988071056935533,Easyflowing
Foto_370,-0.7238745070938092,-0.5416629596271566,-0.8145419712627827,-0.33020990265296896,-0.48587241365025363,1.1385654474931723,-0.35481785390877457,-0.2444264593439262,2.577473131611275,-0.22063251156477573,Easyflowing
Foto_371,-0.8928043288356909,-0.6736362257504253,-0.9577324324576881,-0.002688652749104672,-0.46490810408455563,1.4832210314635614,-0.32268123392579756,-0.08499288982941162,2.2750149647304934,-0.35879212856137965,Easyflowing
Foto_372,-0.7927398367774625,-0.5606145178183444,-0.9571554595499122,-0.3235139743403436,-0.4869190046323953,1.2523883920157322,-0.32895562615787155,-0.16687213987864805,2.466654126155526,-0.10227195901628133,Easyflowing
Foto_373,-0.8948761827224949,-0.6363319905430485,-1.1153409204131162,-0.11798329326963167,-0.48563457490642126,1.4922464997365519,-0.3433092379162732,-0.009686404971625474,2.2233180125113727,-0.11240190750531212,Easyflowing
Foto_374,-1.0836846219018241,-0.6894008658356425,-1.1639189462004664,-0.03589136363057593,-0.2797590314524354,1.7705909635017316,-0.17988498276050585,-0.0817794400565976,1.9258471733974802,-0.1821188850611642,Easyflowing
Foto_375,-0.7523596608516969,-0.5505287632728227,-0.8479775390954797,-0.3131191203009132,-0.48355700723887357,1.195772855733502,-0.342353861460264,-0.22299501891929008,2.5367122248390293,-0.21959410943319121,Easyflowing
Foto_376,-1.0244290893872934,-0.6461774198386581,-1.2155171235646964,-0.13751495919264825,-0.3596963069881755,1.6761610429208393,-0.2347192988531915,-0.018877364513786625,2.009936192666203,-0.04916567324859365,Easyflowing
Foto_377,-0.690420847928717,-0.565551273513011,-0.7359117610571485,-0.2869668734487913,-0.4891005136666603,1.1436925232219954,-0.36667085711839087,-0.2805688665964017,2.591648226553055,-0.3201497564459307,Easyflowing
Foto_378,-0.9014497883800979,-0.5494580004087493,-1.0463280566442994,-0.27901294434163976,-0.48174132438072037,1.3761242915265108,-0.27656738568060263,-0.12991819562737428,2.343216247553206,-0.05486484361623378,Easyflowing
Foto_379,0.5002119091380909,0.40030732673447766,-1.2000450747779476,-1.1558866229945324,-0.9075344792764592,-0.09733650222897515,-0.29495340347248594,0.20519586956378483,0.13488684527033284,2.4151541320437127,Easyflowing
Foto_380,-0.9922380569676332,-0.697863162661402,-1.0840442613715402,-0.013651922617840222,-0.33735379888643063,1.627468986846814,-0.2769997200653437,-0.035753416270632644,2.103926186554127,-0.29349083456011943,Easyflowing
Foto_381,-0.04399898798998269,0.26756048659224013,-1.4270692807694043,-0.9111185603412764,-0.8001780099534402,0.08168791067197054,-0.5239411835627078,0.33854872130717695,0.6525087642130931,2.3660001398323294,Easyflowing
Foto_382,-0.6765000856232972,-0.5196500039687783,-0.8409280970870308,-0.3853377307985613,-0.5666854303707998,1.1755198289562998,-0.36907131250119557,-0.23730679159442133,2.550326146498721,-0.1303665235109363,Easyflowing
Foto_383,-0.7740263624872935,-0.5324987363260336,-0.9833942842433331,-0.36485596951625493,-0.5277984718360399,1.2033831545311477,-0.3478690487278563,-0.16942391966914463,2.477979439124728,0.018504199150080874,Easyflowing
Foto_384,1.0386098069596033,0.16609199478367126,-1.056259512494285,-1.1172798443015182,-0.9543968868877888,-0.40156726724775843,-0.5278623364663141,0.22103460429934704,0.40275850081690345,2.2288709405381386,Easyflowing
Foto_385,1.0615149785860505,0.20080792621417337,-0.9831598355639363,-1.0664147163827113,-1.0067436357470325,-0.6145613033919243,-0.5948403670319213,0.2546847111152121,0.6189121079084605,2.129800134293628,Easyflowing
Foto_386,-0.7896447099535784,-0.28434767837589064,-1.5813093048818707,-0.6511848528159142,-0.5221728447535258,1.1445580472848056,-0.4262283084546029,0.11832616497035202,1.7374920237331561,1.2545114632470684,Easyflowing
Foto_387,-0.8065973285960216,-0.588509446725494,-0.9499077620657026,-0.3108649958258995,-0.4602637810442925,1.3566408811963204,-0.323353922489924,-0.1996354927244314,2.4066473904741796,-0.12415554219873332,Easyflowing
Foto_388,-0.7072033072305716,-0.325478049426667,-1.688519793455326,-0.5460192737119712,-0.6006947705590484,1.1149788476301168,-0.4654272569526714,0.2797980930394451,1.5879971368667547,1.3505683737999372,Easyflowing
